TIME,V
2024/11/1 0:00,5.75
2024/11/1 0:15,5.99
2024/11/1 0:30,6.52
2024/11/1 0:45,6.54
2024/11/1 1:00,6.82
2024/11/1 1:15,7.11
2024/11/1 1:30,7.35
2024/11/1 1:45,7.41
2024/11/1 2:00,7.36
2024/11/1 2:15,6.99
2024/11/1 2:30,7.0
2024/11/1 2:45,6.97
2024/11/1 3:00,6.59
2024/11/1 3:15,6.33
2024/11/1 3:30,6.09
2024/11/1 3:45,5.21
2024/11/1 4:00,5.13
2024/11/1 4:15,4.48
2024/11/1 4:30,4.26
2024/11/1 4:45,3.74
2024/11/1 5:00,3.72
2024/11/1 5:15,3.13
2024/11/1 5:30,2.77
2024/11/1 5:45,2.73
2024/11/1 6:00,2.57
2024/11/1 6:15,2.6
2024/11/1 6:30,2.45
2024/11/1 6:45,2.75
2024/11/1 7:00,2.39
2024/11/1 7:15,2.47
2024/11/1 7:30,2.49
2024/11/1 7:45,2.73
2024/11/1 8:00,2.91
2024/11/1 8:15,3.1
2024/11/1 8:30,3.28
2024/11/1 8:45,3.4
2024/11/1 9:00,3.6
2024/11/1 9:15,3.94
2024/11/1 9:30,4.44
2024/11/1 9:45,4.76
2024/11/1 10:00,4.83
2024/11/1 10:15,5.0
2024/11/1 10:30,5.43
2024/11/1 10:45,6.06
2024/11/1 11:00,6.2
2024/11/1 11:15,6.42
2024/11/1 11:30,6.77
2024/11/1 11:45,7.13
2024/11/1 12:00,6.97
2024/11/1 12:15,7.32
2024/11/1 12:30,7.51
2024/11/1 12:45,7.86
2024/11/1 13:00,7.96
2024/11/1 13:15,8.17
2024/11/1 13:30,8.08
2024/11/1 13:45,8.43
2024/11/1 14:00,8.25
2024/11/1 14:15,8.37
2024/11/1 14:30,8.43
2024/11/1 14:45,8.38
2024/11/1 15:00,8.22
2024/11/1 15:15,8.22
2024/11/1 15:30,8.28
2024/11/1 15:45,8.03
2024/11/1 16:00,7.78
2024/11/1 16:15,7.93
2024/11/1 16:30,7.81
2024/11/1 16:45,7.46
2024/11/1 17:00,7.9
2024/11/1 17:15,7.9
2024/11/1 17:30,8.14
2024/11/1 17:45,7.95
2024/11/1 18:00,7.96
2024/11/1 18:15,8.33
2024/11/1 18:30,8.48
2024/11/1 18:45,8.53
2024/11/1 19:00,8.59
2024/11/1 19:15,8.46
2024/11/1 19:30,8.58
2024/11/1 19:45,8.47
2024/11/1 20:00,8.54
2024/11/1 20:15,8.23
2024/11/1 20:30,7.87
2024/11/1 20:45,7.87
2024/11/1 21:00,7.22
2024/11/1 21:15,6.98
2024/11/1 21:30,6.51
2024/11/1 21:45,6.43
2024/11/1 22:00,5.87
2024/11/1 22:15,5.61
2024/11/1 22:30,5.36
2024/11/1 22:45,5.28
2024/11/1 23:00,5.37
2024/11/1 23:15,5.34
2024/11/1 23:30,5.32
2024/11/1 23:45,5.73
2024/11/2 0:00,6.36
2024/11/2 0:15,6.75
2024/11/2 0:30,7.18
2024/11/2 0:45,7.82
2024/11/2 1:00,8.32
2024/11/2 1:15,8.57
2024/11/2 1:30,8.73
2024/11/2 1:45,8.2
2024/11/2 2:00,7.96
2024/11/2 2:15,7.35
2024/11/2 2:30,6.69
2024/11/2 2:45,6.08
2024/11/2 3:00,5.47
2024/11/2 3:15,4.78
2024/11/2 3:30,3.82
2024/11/2 3:45,3.21
2024/11/2 4:00,2.53
2024/11/2 4:15,2.4
2024/11/2 4:30,1.93
2024/11/2 4:45,2.07
2024/11/2 5:00,1.75
2024/11/2 5:15,1.63
2024/11/2 5:30,1.6
2024/11/2 5:45,1.57
2024/11/2 6:00,1.76
2024/11/2 6:15,2.09
2024/11/2 6:30,2.35
2024/11/2 6:45,2.61
2024/11/2 7:00,3.15
2024/11/2 7:15,3.54
2024/11/2 7:30,3.77
2024/11/2 7:45,4.5
2024/11/2 8:00,4.31
2024/11/2 8:15,4.92
2024/11/2 8:30,5.18
2024/11/2 8:45,5.38
2024/11/2 9:00,5.54
2024/11/2 9:15,5.76
2024/11/2 9:30,5.77
2024/11/2 9:45,5.71
2024/11/2 10:00,5.46
2024/11/2 10:15,5.23
2024/11/2 10:30,5.19
2024/11/2 10:45,4.88
2024/11/2 11:00,4.58
2024/11/2 11:15,4.25
2024/11/2 11:30,3.83
2024/11/2 11:45,3.52
2024/11/2 12:00,3.09
2024/11/2 12:15,3.14
2024/11/2 12:30,2.52
2024/11/2 12:45,2.37
2024/11/2 13:00,2.14
2024/11/2 13:15,2.01
2024/11/2 13:30,2.06
2024/11/2 13:45,2.02
2024/11/2 14:00,2.01
2024/11/2 14:15,2.12
2024/11/2 14:30,2.2
2024/11/2 14:45,2.55
2024/11/2 15:00,3.03
2024/11/2 15:15,2.86
2024/11/2 15:30,3.35
2024/11/2 15:45,3.64
2024/11/2 16:00,4.09
2024/11/2 16:15,4.47
2024/11/2 16:30,4.78
2024/11/2 16:45,5.14
2024/11/2 17:00,5.46
2024/11/2 17:15,5.78
2024/11/2 17:30,6.22
2024/11/2 17:45,6.34
2024/11/2 18:00,6.71
2024/11/2 18:15,7.18
2024/11/2 18:30,7.19
2024/11/2 18:45,7.4
2024/11/2 19:00,7.52
2024/11/2 19:15,7.24
2024/11/2 19:30,7.2
2024/11/2 19:45,6.97
2024/11/2 20:00,6.69
2024/11/2 20:15,6.41
2024/11/2 20:30,6.38
2024/11/2 20:45,5.97
2024/11/2 21:00,5.88
2024/11/2 21:15,5.42
2024/11/2 21:30,4.85
2024/11/2 21:45,4.81
2024/11/2 22:00,4.41
2024/11/2 22:15,4.49
2024/11/2 22:30,4.18
2024/11/2 22:45,4.15
2024/11/2 23:00,4.36
2024/11/2 23:15,4.66
2024/11/2 23:30,5.04
2024/11/2 23:45,5.58
2024/11/3 0:00,6.36
2024/11/3 0:15,7.09
2024/11/3 0:30,7.18
2024/11/3 0:45,8.07
2024/11/3 1:00,8.19
2024/11/3 1:15,8.54
2024/11/3 1:30,8.27
2024/11/3 1:45,8.45
2024/11/3 2:00,7.73
2024/11/3 2:15,7.57
2024/11/3 2:30,6.93
2024/11/3 2:45,6.2
2024/11/3 3:00,5.3
2024/11/3 3:15,4.75
2024/11/3 3:30,4.02
2024/11/3 3:45,3.3
2024/11/3 4:00,2.89
2024/11/3 4:15,2.35
2024/11/3 4:30,2.12
2024/11/3 4:45,1.8
2024/11/3 5:00,1.73
2024/11/3 5:15,1.74
2024/11/3 5:30,1.63
2024/11/3 5:45,1.61
2024/11/3 6:00,2.01
2024/11/3 6:15,2.36
2024/11/3 6:30,2.5
2024/11/3 6:45,2.81
2024/11/3 7:00,3.09
2024/11/3 7:15,3.57
2024/11/3 7:30,3.81
2024/11/3 7:45,4.14
2024/11/3 8:00,4.74
2024/11/3 8:15,4.83
2024/11/3 8:30,5.35
2024/11/3 8:45,5.63
2024/11/3 9:00,5.73
2024/11/3 9:15,5.58
2024/11/3 9:30,5.81
2024/11/3 9:45,5.74
2024/11/3 10:00,5.58
2024/11/3 10:15,5.5
2024/11/3 10:30,5.35
2024/11/3 10:45,4.87
2024/11/3 11:00,4.59
2024/11/3 11:15,4.23
2024/11/3 11:30,4.08
2024/11/3 11:45,3.51
2024/11/3 12:00,3.03
2024/11/3 12:15,2.68
2024/11/3 12:30,2.7
2024/11/3 12:45,2.31
2024/11/3 13:00,2.35
2024/11/3 13:15,1.92
2024/11/3 13:30,1.97
2024/11/3 13:45,1.84
2024/11/3 14:00,2.14
2024/11/3 14:15,2.26
2024/11/3 14:30,2.36
2024/11/3 14:45,2.33
2024/11/3 15:00,2.61
2024/11/3 15:15,3.03
2024/11/3 15:30,3.04
2024/11/3 15:45,3.59
2024/11/3 16:00,4.22
2024/11/3 16:15,4.34
2024/11/3 16:30,4.53
2024/11/3 16:45,5.05
2024/11/3 17:00,5.43
2024/11/3 17:15,6.21
2024/11/3 17:30,6.48
2024/11/3 17:45,6.65
2024/11/3 18:00,6.75
2024/11/3 18:15,7.19
2024/11/3 18:30,7.0
2024/11/3 18:45,7.43
2024/11/3 19:00,7.44
2024/11/3 19:15,7.25
2024/11/3 19:30,7.34
2024/11/3 19:45,6.95
2024/11/3 20:00,6.62
2024/11/3 20:15,6.7
2024/11/3 20:30,6.25
2024/11/3 20:45,6.03
2024/11/3 21:00,5.88
2024/11/3 21:15,5.16
2024/11/3 21:30,4.94
2024/11/3 21:45,4.91
2024/11/3 22:00,4.56
2024/11/3 22:15,4.2
2024/11/3 22:30,4.11
2024/11/3 22:45,4.23
2024/11/3 23:00,4.37
2024/11/3 23:15,4.8
2024/11/3 23:30,5.18
2024/11/3 23:45,5.71
2024/11/4 0:00,6.1
2024/11/4 0:15,6.81
2024/11/4 0:30,7.08
2024/11/4 0:45,7.9
2024/11/4 1:00,8.44
2024/11/4 1:15,8.27
2024/11/4 1:30,8.6
2024/11/4 1:45,8.28
2024/11/4 2:00,8.15
2024/11/4 2:15,7.55
2024/11/4 2:30,6.95
2024/11/4 2:45,6.18
2024/11/4 3:00,5.61
2024/11/4 3:15,4.72
2024/11/4 3:30,3.85
2024/11/4 3:45,3.34
2024/11/4 4:00,2.74
2024/11/4 4:15,2.39
2024/11/4 4:30,1.98
2024/11/4 4:45,1.72
2024/11/4 5:00,1.72
2024/11/4 5:15,1.66
2024/11/4 5:30,1.85
2024/11/4 5:45,1.74
2024/11/4 6:00,1.67
2024/11/4 6:15,2.13
2024/11/4 6:30,2.21
2024/11/4 6:45,2.82
2024/11/4 7:00,2.85
2024/11/4 7:15,3.31
2024/11/4 7:30,3.78
2024/11/4 7:45,4.44
2024/11/4 8:00,4.41
2024/11/4 8:15,4.92
2024/11/4 8:30,5.3
2024/11/4 8:45,5.68
2024/11/4 9:00,5.77
2024/11/4 9:15,5.93
2024/11/4 9:30,5.93
2024/11/4 9:45,5.59
2024/11/4 10:00,5.71
2024/11/4 10:15,5.6
2024/11/4 10:30,5.09
2024/11/4 10:45,4.85
2024/11/4 11:00,4.49
2024/11/4 11:15,4.38
2024/11/4 11:30,3.89
2024/11/4 11:45,3.5
2024/11/4 12:00,3.03
2024/11/4 12:15,2.9
2024/11/4 12:30,2.56
2024/11/4 12:45,2.46
2024/11/4 13:00,2.07
2024/11/4 13:15,2.15
2024/11/4 13:30,1.99
2024/11/4 13:45,1.85
2024/11/4 14:00,1.88
2024/11/4 14:15,1.99
2024/11/4 14:30,2.28
2024/11/4 14:45,2.51
2024/11/4 15:00,2.76
2024/11/4 15:15,3.04
2024/11/4 15:30,3.18
2024/11/4 15:45,3.79
2024/11/4 16:00,3.92
2024/11/4 16:15,4.43
2024/11/4 16:30,4.73
2024/11/4 16:45,5.2
2024/11/4 17:00,5.49
2024/11/4 17:15,5.95
2024/11/4 17:30,6.23
2024/11/4 17:45,6.66
2024/11/4 18:00,6.68
2024/11/4 18:15,6.75
2024/11/4 18:30,7.03
2024/11/4 18:45,7.43
2024/11/4 19:00,7.28
2024/11/4 19:15,7.28
2024/11/4 19:30,7.02
2024/11/4 19:45,7.03
2024/11/4 20:00,6.66
2024/11/4 20:15,6.42
2024/11/4 20:30,6.2
2024/11/4 20:45,6.0
2024/11/4 21:00,5.69
2024/11/4 21:15,5.36
2024/11/4 21:30,4.72
2024/11/4 21:45,4.68
2024/11/4 22:00,4.43
2024/11/4 22:15,4.08
2024/11/4 22:30,4.26
2024/11/4 22:45,4.27
2024/11/4 23:00,4.55
2024/11/4 23:15,4.78
2024/11/4 23:30,5.09
2024/11/4 23:45,5.81
2024/11/5 0:00,5.9
2024/11/5 0:15,6.81
2024/11/5 0:30,7.12
2024/11/5 0:45,7.74
2024/11/5 1:00,8.34
2024/11/5 1:15,8.29
2024/11/5 1:30,8.31
2024/11/5 1:45,8.73
2024/11/5 2:00,7.82
2024/11/5 2:15,7.77
2024/11/5 2:30,6.86
2024/11/5 2:45,6.09
2024/11/5 3:00,5.5
2024/11/5 3:15,4.86
2024/11/5 3:30,3.79
2024/11/5 3:45,3.25
2024/11/5 4:00,2.92
2024/11/5 4:15,2.41
2024/11/5 4:30,2.2
2024/11/5 4:45,1.9
2024/11/5 5:00,1.96
2024/11/5 5:15,1.68
2024/11/5 5:30,1.73
2024/11/5 5:45,1.85
2024/11/5 6:00,1.94
2024/11/5 6:15,2.31
2024/11/5 6:30,2.49
2024/11/5 6:45,2.88
2024/11/5 7:00,3.24
2024/11/5 7:15,3.52
2024/11/5 7:30,3.91
2024/11/5 7:45,4.06
2024/11/5 8:00,4.49
2024/11/5 8:15,5.04
2024/11/5 8:30,5.43
2024/11/5 8:45,5.17
2024/11/5 9:00,5.56
2024/11/5 9:15,5.77
2024/11/5 9:30,5.67
2024/11/5 9:45,5.64
2024/11/5 10:00,5.73
2024/11/5 10:15,5.71
2024/11/5 10:30,4.93
2024/11/5 10:45,4.92
2024/11/5 11:00,4.68
2024/11/5 11:15,4.38
2024/11/5 11:30,3.95
2024/11/5 11:45,3.82
2024/11/5 12:00,3.22
2024/11/5 12:15,3.11
2024/11/5 12:30,2.55
2024/11/5 12:45,2.43
2024/11/5 13:00,2.06
2024/11/5 13:15,2.26
2024/11/5 13:30,2.04
2024/11/5 13:45,2.09
2024/11/5 14:00,2.03
2024/11/5 14:15,2.25
2024/11/5 14:30,2.37
2024/11/5 14:45,2.34
2024/11/5 15:00,2.58
2024/11/5 15:15,2.99
2024/11/5 15:30,3.39
2024/11/5 15:45,3.91
2024/11/5 16:00,4.03
2024/11/5 16:15,4.52
2024/11/5 16:30,4.51
2024/11/5 16:45,5.44
2024/11/5 17:00,5.62
2024/11/5 17:15,5.88
2024/11/5 17:30,6.21
2024/11/5 17:45,6.37
2024/11/5 18:00,6.68
2024/11/5 18:15,7.3
2024/11/5 18:30,7.02
2024/11/5 18:45,7.12
2024/11/5 19:00,7.2
2024/11/5 19:15,7.09
2024/11/5 19:30,7.18
2024/11/5 19:45,7.18
2024/11/5 20:00,6.72
2024/11/5 20:15,6.35
2024/11/5 20:30,6.3
2024/11/5 20:45,5.93
2024/11/5 21:00,5.75
2024/11/5 21:15,5.2
2024/11/5 21:30,4.92
2024/11/5 21:45,4.66
2024/11/5 22:00,4.47
2024/11/5 22:15,4.25
2024/11/5 22:30,4.17
2024/11/5 22:45,4.03
2024/11/5 23:00,4.39
2024/11/5 23:15,4.87
2024/11/5 23:30,5.3
2024/11/5 23:45,5.6
2024/11/6 0:00,6.42
2024/11/6 0:15,6.81
2024/11/6 0:30,7.18
2024/11/6 0:45,7.63
2024/11/6 1:00,8.44
2024/11/6 1:15,8.43
2024/11/6 1:30,8.34
2024/11/6 1:45,8.03
2024/11/6 2:00,7.97
2024/11/6 2:15,7.58
2024/11/6 2:30,6.78
2024/11/6 2:45,6.01
2024/11/6 3:00,5.33
2024/11/6 3:15,4.85
2024/11/6 3:30,3.75
2024/11/6 3:45,3.23
2024/11/6 4:00,2.98
2024/11/6 4:15,2.44
2024/11/6 4:30,2.07
2024/11/6 4:45,1.72
2024/11/6 5:00,1.7
2024/11/6 5:15,1.57
2024/11/6 5:30,1.56
2024/11/6 5:45,1.64
2024/11/6 6:00,2.08
2024/11/6 6:15,2.18
2024/11/6 6:30,2.5
2024/11/6 6:45,2.78
2024/11/6 7:00,3.16
2024/11/6 7:15,3.42
2024/11/6 7:30,3.76
2024/11/6 7:45,4.09
2024/11/6 8:00,4.36
2024/11/6 8:15,4.75
2024/11/6 8:30,5.16
2024/11/6 8:45,5.22
2024/11/6 9:00,5.44
2024/11/6 9:15,5.92
2024/11/6 9:30,5.84
2024/11/6 9:45,5.7
2024/11/6 10:00,6.0
2024/11/6 10:15,5.23
2024/11/6 10:30,5.38
2024/11/6 10:45,4.92
2024/11/6 11:00,4.73
2024/11/6 11:15,4.28
2024/11/6 11:30,3.62
2024/11/6 11:45,3.57
2024/11/6 12:00,3.27
2024/11/6 12:15,2.58
2024/11/6 12:30,2.94
2024/11/6 12:45,2.47
2024/11/6 13:00,2.35
2024/11/6 13:15,1.95
2024/11/6 13:30,2.16
2024/11/6 13:45,2.2
2024/11/6 14:00,2.12
2024/11/6 14:15,2.17
2024/11/6 14:30,2.17
2024/11/6 14:45,2.46
2024/11/6 15:00,2.64
2024/11/6 15:15,3.08
2024/11/6 15:30,3.17
2024/11/6 15:45,3.71
2024/11/6 16:00,3.86
2024/11/6 16:15,4.33
2024/11/6 16:30,4.85
2024/11/6 16:45,5.04
2024/11/6 17:00,5.62
2024/11/6 17:15,5.97
2024/11/6 17:30,6.19
2024/11/6 17:45,6.71
2024/11/6 18:00,6.81
2024/11/6 18:15,7.18
2024/11/6 18:30,7.44
2024/11/6 18:45,7.23
2024/11/6 19:00,7.4
2024/11/6 19:15,7.17
2024/11/6 19:30,7.02
2024/11/6 19:45,6.99
2024/11/6 20:00,6.6
2024/11/6 20:15,6.41
2024/11/6 20:30,6.35
2024/11/6 20:45,5.86
2024/11/6 21:00,5.71
2024/11/6 21:15,5.32
2024/11/6 21:30,5.23
2024/11/6 21:45,4.76
2024/11/6 22:00,4.62
2024/11/6 22:15,4.37
2024/11/6 22:30,4.3
2024/11/6 22:45,4.48
2024/11/6 23:00,4.58
2024/11/6 23:15,4.8
2024/11/6 23:30,5.2
2024/11/6 23:45,5.75
2024/11/7 0:00,5.6
2024/11/7 0:15,5.86
2024/11/7 0:30,6.46
2024/11/7 0:45,6.81
2024/11/7 1:00,6.65
2024/11/7 1:15,6.91
2024/11/7 1:30,7.34
2024/11/7 1:45,7.35
2024/11/7 2:00,7.38
2024/11/7 2:15,7.35
2024/11/7 2:30,7.04
2024/11/7 2:45,6.9
2024/11/7 3:00,6.59
2024/11/7 3:15,6.08
2024/11/7 3:30,5.86
2024/11/7 3:45,5.58
2024/11/7 4:00,4.91
2024/11/7 4:15,4.56
2024/11/7 4:30,4.15
2024/11/7 4:45,3.7
2024/11/7 5:00,3.51
2024/11/7 5:15,3.01
2024/11/7 5:30,3.06
2024/11/7 5:45,2.76
2024/11/7 6:00,2.39
2024/11/7 6:15,2.69
2024/11/7 6:30,2.41
2024/11/7 6:45,2.27
2024/11/7 7:00,2.58
2024/11/7 7:15,2.56
2024/11/7 7:30,2.32
2024/11/7 7:45,2.64
2024/11/7 8:00,2.92
2024/11/7 8:15,2.74
2024/11/7 8:30,3.28
2024/11/7 8:45,3.52
2024/11/7 9:00,3.56
2024/11/7 9:15,4.04
2024/11/7 9:30,4.27
2024/11/7 9:45,4.37
2024/11/7 10:00,4.98
2024/11/7 10:15,5.27
2024/11/7 10:30,5.4
2024/11/7 10:45,5.72
2024/11/7 11:00,6.16
2024/11/7 11:15,6.31
2024/11/7 11:30,6.33
2024/11/7 11:45,6.97
2024/11/7 12:00,7.03
2024/11/7 12:15,7.32
2024/11/7 12:30,7.81
2024/11/7 12:45,7.76
2024/11/7 13:00,7.93
2024/11/7 13:15,8.14
2024/11/7 13:30,8.23
2024/11/7 13:45,8.09
2024/11/7 14:00,8.25
2024/11/7 14:15,8.28
2024/11/7 14:30,8.3
2024/11/7 14:45,8.26
2024/11/7 15:00,8.55
2024/11/7 15:15,7.92
2024/11/7 15:30,8.17
2024/11/7 15:45,8.13
2024/11/7 16:00,7.96
2024/11/7 16:15,7.74
2024/11/7 16:30,8.06
2024/11/7 16:45,7.48
2024/11/7 17:00,7.73
2024/11/7 17:15,8.06
2024/11/7 17:30,7.91
2024/11/7 17:45,8.3
2024/11/7 18:00,7.95
2024/11/7 18:15,8.14
2024/11/7 18:30,8.34
2024/11/7 18:45,8.58
2024/11/7 19:00,8.56
2024/11/7 19:15,8.55
2024/11/7 19:30,8.81
2024/11/7 19:45,8.75
2024/11/7 20:00,8.31
2024/11/7 20:15,7.92
2024/11/7 20:30,7.59
2024/11/7 20:45,7.64
2024/11/7 21:00,7.36
2024/11/7 21:15,6.91
2024/11/7 21:30,6.52
2024/11/7 21:45,6.06
2024/11/7 22:00,5.96
2024/11/7 22:15,5.84
2024/11/7 22:30,5.05
2024/11/7 22:45,5.24
2024/11/7 23:00,5.04
2024/11/7 23:15,4.99
2024/11/7 23:30,5.14
2024/11/7 23:45,5.54
2024/11/8 0:00,5.76
2024/11/8 0:15,6.18
2024/11/8 0:30,6.25
2024/11/8 0:45,6.26
2024/11/8 1:00,6.75
2024/11/8 1:15,6.8
2024/11/8 1:30,6.99
2024/11/8 1:45,7.35
2024/11/8 2:00,7.31
2024/11/8 2:15,7.31
2024/11/8 2:30,7.02
2024/11/8 2:45,6.97
2024/11/8 3:00,6.5
2024/11/8 3:15,6.37
2024/11/8 3:30,5.86
2024/11/8 3:45,5.36
2024/11/8 4:00,4.99
2024/11/8 4:15,4.53
2024/11/8 4:30,4.36
2024/11/8 4:45,3.78
2024/11/8 5:00,3.4
2024/11/8 5:15,3.07
2024/11/8 5:30,2.99
2024/11/8 5:45,2.78
2024/11/8 6:00,2.48
2024/11/8 6:15,2.26
2024/11/8 6:30,2.25
2024/11/8 6:45,2.35
2024/11/8 7:00,2.61
2024/11/8 7:15,2.44
2024/11/8 7:30,2.5
2024/11/8 7:45,2.45
2024/11/8 8:00,3.1
2024/11/8 8:15,3.15
2024/11/8 8:30,3.39
2024/11/8 8:45,3.64
2024/11/8 9:00,3.71
2024/11/8 9:15,4.01
2024/11/8 9:30,4.49
2024/11/8 9:45,4.58
2024/11/8 10:00,4.93
2024/11/8 10:15,5.27
2024/11/8 10:30,5.54
2024/11/8 10:45,5.73
2024/11/8 11:00,6.04
2024/11/8 11:15,6.46
2024/11/8 11:30,6.74
2024/11/8 11:45,7.07
2024/11/8 12:00,7.23
2024/11/8 12:15,7.47
2024/11/8 12:30,7.52
2024/11/8 12:45,7.69
2024/11/8 13:00,8.05
2024/11/8 13:15,7.97
2024/11/8 13:30,8.15
2024/11/8 13:45,8.43
2024/11/8 14:00,8.44
2024/11/8 14:15,8.32
2024/11/8 14:30,8.21
2024/11/8 14:45,8.2
2024/11/8 15:00,8.29
2024/11/8 15:15,8.09
2024/11/8 15:30,7.94
2024/11/8 15:45,8.14
2024/11/8 16:00,7.92
2024/11/8 16:15,7.76
2024/11/8 16:30,7.89
2024/11/8 16:45,7.96
2024/11/8 17:00,7.68
2024/11/8 17:15,7.86
2024/11/8 17:30,7.93
2024/11/8 17:45,8.13
2024/11/8 18:00,8.28
2024/11/8 18:15,8.22
2024/11/8 18:30,8.2
2024/11/8 18:45,8.67
2024/11/8 19:00,8.42
2024/11/8 19:15,8.66
2024/11/8 19:30,8.58
2024/11/8 19:45,8.54
2024/11/8 20:00,8.62
2024/11/8 20:15,8.63
2024/11/8 20:30,7.67
2024/11/8 20:45,7.76
2024/11/8 21:00,7.24
2024/11/8 21:15,7.06
2024/11/8 21:30,6.68
2024/11/8 21:45,6.39
2024/11/8 22:00,5.9
2024/11/8 22:15,5.46
2024/11/8 22:30,5.52
2024/11/8 22:45,5.26
2024/11/8 23:00,5.16
2024/11/8 23:15,5.14
2024/11/8 23:30,5.46
2024/11/8 23:45,5.72
2024/11/9 0:00,6.05
2024/11/9 0:15,6.91
2024/11/9 0:30,7.33
2024/11/9 0:45,7.66
2024/11/9 1:00,8.28
2024/11/9 1:15,8.36
2024/11/9 1:30,8.29
2024/11/9 1:45,8.25
2024/11/9 2:00,7.87
2024/11/9 2:15,7.43
2024/11/9 2:30,6.69
2024/11/9 2:45,6.11
2024/11/9 3:00,5.31
2024/11/9 3:15,4.72
2024/11/9 3:30,4.05
2024/11/9 3:45,3.37
2024/11/9 4:00,2.76
2024/11/9 4:15,2.32
2024/11/9 4:30,1.91
2024/11/9 4:45,1.7
2024/11/9 5:00,1.8
2024/11/9 5:15,1.39
2024/11/9 5:30,1.68
2024/11/9 5:45,1.75
2024/11/9 6:00,2.05
2024/11/9 6:15,1.97
2024/11/9 6:30,2.45
2024/11/9 6:45,2.81
2024/11/9 7:00,2.81
2024/11/9 7:15,3.3
2024/11/9 7:30,3.82
2024/11/9 7:45,4.29
2024/11/9 8:00,4.6
2024/11/9 8:15,5.0
2024/11/9 8:30,5.05
2024/11/9 8:45,5.22
2024/11/9 9:00,5.66
2024/11/9 9:15,5.58
2024/11/9 9:30,5.67
2024/11/9 9:45,5.91
2024/11/9 10:00,5.68
2024/11/9 10:15,5.39
2024/11/9 10:30,5.13
2024/11/9 10:45,5.03
2024/11/9 11:00,4.64
2024/11/9 11:15,4.08
2024/11/9 11:30,3.61
2024/11/9 11:45,3.83
2024/11/9 12:00,3.03
2024/11/9 12:15,2.99
2024/11/9 12:30,2.87
2024/11/9 12:45,2.44
2024/11/9 13:00,2.16
2024/11/9 13:15,1.91
2024/11/9 13:30,1.84
2024/11/9 13:45,2.1
2024/11/9 14:00,2.3
2024/11/9 14:15,2.11
2024/11/9 14:30,2.22
2024/11/9 14:45,2.6
2024/11/9 15:00,2.62
2024/11/9 15:15,3.03
2024/11/9 15:30,3.3
2024/11/9 15:45,3.57
2024/11/9 16:00,3.99
2024/11/9 16:15,4.63
2024/11/9 16:30,4.84
2024/11/9 16:45,5.31
2024/11/9 17:00,5.39
2024/11/9 17:15,6.05
2024/11/9 17:30,6.33
2024/11/9 17:45,6.31
2024/11/9 18:00,6.88
2024/11/9 18:15,6.94
2024/11/9 18:30,6.94
2024/11/9 18:45,7.29
2024/11/9 19:00,7.38
2024/11/9 19:15,7.29
2024/11/9 19:30,7.16
2024/11/9 19:45,6.97
2024/11/9 20:00,7.18
2024/11/9 20:15,6.38
2024/11/9 20:30,6.39
2024/11/9 20:45,5.94
2024/11/9 21:00,5.48
2024/11/9 21:15,5.26
2024/11/9 21:30,4.75
2024/11/9 21:45,4.59
2024/11/9 22:00,4.45
2024/11/9 22:15,4.08
2024/11/9 22:30,4.33
2024/11/9 22:45,4.16
2024/11/9 23:00,4.26
2024/11/9 23:15,4.61
2024/11/9 23:30,5.5
2024/11/9 23:45,5.37
2024/11/10 0:00,6.29
2024/11/10 0:15,6.7
2024/11/10 0:30,7.33
2024/11/10 0:45,7.97
2024/11/10 1:00,8.34
2024/11/10 1:15,8.38
2024/11/10 1:30,8.32
2024/11/10 1:45,8.46
2024/11/10 2:00,8.11
2024/11/10 2:15,7.48
2024/11/10 2:30,6.95
2024/11/10 2:45,6.1
2024/11/10 3:00,5.29
2024/11/10 3:15,4.66
2024/11/10 3:30,4.04
2024/11/10 3:45,3.38
2024/11/10 4:00,2.87
2024/11/10 4:15,2.25
2024/11/10 4:30,2.28
2024/11/10 4:45,1.77
2024/11/10 5:00,1.68
2024/11/10 5:15,1.46
2024/11/10 5:30,1.66
2024/11/10 5:45,1.88
2024/11/10 6:00,2.08
2024/11/10 6:15,2.42
2024/11/10 6:30,2.53
2024/11/10 6:45,2.8
2024/11/10 7:00,3.03
2024/11/10 7:15,3.36
2024/11/10 7:30,3.98
2024/11/10 7:45,4.35
2024/11/10 8:00,4.41
2024/11/10 8:15,5.02
2024/11/10 8:30,5.31
2024/11/10 8:45,5.29
2024/11/10 9:00,5.73
2024/11/10 9:15,5.61
2024/11/10 9:30,5.44
2024/11/10 9:45,5.74
2024/11/10 10:00,5.69
2024/11/10 10:15,5.46
2024/11/10 10:30,5.66
2024/11/10 10:45,5.0
2024/11/10 11:00,4.64
2024/11/10 11:15,4.33
2024/11/10 11:30,3.84
2024/11/10 11:45,3.69
2024/11/10 12:00,3.27
2024/11/10 12:15,2.96
2024/11/10 12:30,2.55
2024/11/10 12:45,2.19
2024/11/10 13:00,2.17
2024/11/10 13:15,2.17
2024/11/10 13:30,1.99
2024/11/10 13:45,2.08
2024/11/10 14:00,2.04
2024/11/10 14:15,2.23
2024/11/10 14:30,2.16
2024/11/10 14:45,2.52
2024/11/10 15:00,2.63
2024/11/10 15:15,2.76
2024/11/10 15:30,3.27
2024/11/10 15:45,3.86
2024/11/10 16:00,3.77
2024/11/10 16:15,4.38
2024/11/10 16:30,4.87
2024/11/10 16:45,5.49
2024/11/10 17:00,5.45
2024/11/10 17:15,5.8
2024/11/10 17:30,6.06
2024/11/10 17:45,6.71
2024/11/10 18:00,6.67
2024/11/10 18:15,6.96
2024/11/10 18:30,6.89
2024/11/10 18:45,7.4
2024/11/10 19:00,7.47
2024/11/10 19:15,7.4
2024/11/10 19:30,6.93
2024/11/10 19:45,7.11
2024/11/10 20:00,6.56
2024/11/10 20:15,6.56
2024/11/10 20:30,6.29
2024/11/10 20:45,5.98
2024/11/10 21:00,5.68
2024/11/10 21:15,5.27
2024/11/10 21:30,4.66
2024/11/10 21:45,4.76
2024/11/10 22:00,4.47
2024/11/10 22:15,4.17
2024/11/10 22:30,4.02
2024/11/10 22:45,4.54
2024/11/10 23:00,4.66
2024/11/10 23:15,4.87
2024/11/10 23:30,5.07
2024/11/10 23:45,5.29
2024/11/11 0:00,6.34
2024/11/11 0:15,6.87
2024/11/11 0:30,7.33
2024/11/11 0:45,8.05
2024/11/11 1:00,8.39
2024/11/11 1:15,8.51
2024/11/11 1:30,8.53
2024/11/11 1:45,8.38
2024/11/11 2:00,8.13
2024/11/11 2:15,7.39
2024/11/11 2:30,6.95
2024/11/11 2:45,6.03
2024/11/11 3:00,5.61
2024/11/11 3:15,4.74
2024/11/11 3:30,3.86
2024/11/11 3:45,3.34
2024/11/11 4:00,2.67
2024/11/11 4:15,2.59
2024/11/11 4:30,2.28
2024/11/11 4:45,1.92
2024/11/11 5:00,1.93
2024/11/11 5:15,1.68
2024/11/11 5:30,1.81
2024/11/11 5:45,1.98
2024/11/11 6:00,1.96
2024/11/11 6:15,2.2
2024/11/11 6:30,2.59
2024/11/11 6:45,2.86
2024/11/11 7:00,2.98
2024/11/11 7:15,3.13
2024/11/11 7:30,3.81
2024/11/11 7:45,3.9
2024/11/11 8:00,4.43
2024/11/11 8:15,4.78
2024/11/11 8:30,5.13
2024/11/11 8:45,5.59
2024/11/11 9:00,5.8
2024/11/11 9:15,5.84
2024/11/11 9:30,5.9
2024/11/11 9:45,5.87
2024/11/11 10:00,5.28
2024/11/11 10:15,5.48
2024/11/11 10:30,4.96
2024/11/11 10:45,5.02
2024/11/11 11:00,4.3
2024/11/11 11:15,4.24
2024/11/11 11:30,3.99
2024/11/11 11:45,3.38
2024/11/11 12:00,3.36
2024/11/11 12:15,2.99
2024/11/11 12:30,2.7
2024/11/11 12:45,2.53
2024/11/11 13:00,2.19
2024/11/11 13:15,2.15
2024/11/11 13:30,2.06
2024/11/11 13:45,2.04
2024/11/11 14:00,1.98
2024/11/11 14:15,1.98
2024/11/11 14:30,2.26
2024/11/11 14:45,2.43
2024/11/11 15:00,2.61
2024/11/11 15:15,3.12
2024/11/11 15:30,3.12
2024/11/11 15:45,3.6
2024/11/11 16:00,4.16
2024/11/11 16:15,4.5
2024/11/11 16:30,4.94
2024/11/11 16:45,5.05
2024/11/11 17:00,5.64
2024/11/11 17:15,5.73
2024/11/11 17:30,6.19
2024/11/11 17:45,6.51
2024/11/11 18:00,6.71
2024/11/11 18:15,6.96
2024/11/11 18:30,7.1
2024/11/11 18:45,7.12
2024/11/11 19:00,7.43
2024/11/11 19:15,7.24
2024/11/11 19:30,7.2
2024/11/11 19:45,7.04
2024/11/11 20:00,6.82
2024/11/11 20:15,6.57
2024/11/11 20:30,6.21
2024/11/11 20:45,6.15
2024/11/11 21:00,5.72
2024/11/11 21:15,5.27
2024/11/11 21:30,4.89
2024/11/11 21:45,4.66
2024/11/11 22:00,4.52
2024/11/11 22:15,4.53
2024/11/11 22:30,4.05
2024/11/11 22:45,4.41
2024/11/11 23:00,4.65
2024/11/11 23:15,4.54
2024/11/11 23:30,5.14
2024/11/11 23:45,5.51
2024/11/12 0:00,6.29
2024/11/12 0:15,6.76
2024/11/12 0:30,7.36
2024/11/12 0:45,7.82
2024/11/12 1:00,8.37
2024/11/12 1:15,8.52
2024/11/12 1:30,8.56
2024/11/12 1:45,8.39
2024/11/12 2:00,8.11
2024/11/12 2:15,7.48
2024/11/12 2:30,7.14
2024/11/12 2:45,5.98
2024/11/12 3:00,5.15
2024/11/12 3:15,4.39
2024/11/12 3:30,3.65
2024/11/12 3:45,3.43
2024/11/12 4:00,2.88
2024/11/12 4:15,2.54
2024/11/12 4:30,1.88
2024/11/12 4:45,1.93
2024/11/12 5:00,1.7
2024/11/12 5:15,1.68
2024/11/12 5:30,1.79
2024/11/12 5:45,1.68
2024/11/12 6:00,2.35
2024/11/12 6:15,2.39
2024/11/12 6:30,2.37
2024/11/12 6:45,2.6
2024/11/12 7:00,3.09
2024/11/12 7:15,3.49
2024/11/12 7:30,4.0
2024/11/12 7:45,4.04
2024/11/12 8:00,4.62
2024/11/12 8:15,4.68
2024/11/12 8:30,5.28
2024/11/12 8:45,5.45
2024/11/12 9:00,5.94
2024/11/12 9:15,5.53
2024/11/12 9:30,6.01
2024/11/12 9:45,5.51
2024/11/12 10:00,5.46
2024/11/12 10:15,5.22
2024/11/12 10:30,5.27
2024/11/12 10:45,4.76
2024/11/12 11:00,4.41
2024/11/12 11:15,4.29
2024/11/12 11:30,3.97
2024/11/12 11:45,3.56
2024/11/12 12:00,3.19
2024/11/12 12:15,3.19
2024/11/12 12:30,2.67
2024/11/12 12:45,2.54
2024/11/12 13:00,2.27
2024/11/12 13:15,1.96
2024/11/12 13:30,2.14
2024/11/12 13:45,1.94
2024/11/12 14:00,2.06
2024/11/12 14:15,2.21
2024/11/12 14:30,2.01
2024/11/12 14:45,2.25
2024/11/12 15:00,2.86
2024/11/12 15:15,2.89
2024/11/12 15:30,3.2
2024/11/12 15:45,3.65
2024/11/12 16:00,3.93
2024/11/12 16:15,4.43
2024/11/12 16:30,4.75
2024/11/12 16:45,5.17
2024/11/12 17:00,5.42
2024/11/12 17:15,5.92
2024/11/12 17:30,6.4
2024/11/12 17:45,6.45
2024/11/12 18:00,6.94
2024/11/12 18:15,7.01
2024/11/12 18:30,7.28
2024/11/12 18:45,7.29
2024/11/12 19:00,7.3
2024/11/12 19:15,7.32
2024/11/12 19:30,7.36
2024/11/12 19:45,7.05
2024/11/12 20:00,6.88
2024/11/12 20:15,6.5
2024/11/12 20:30,6.49
2024/11/12 20:45,6.03
2024/11/12 21:00,5.61
2024/11/12 21:15,5.25
2024/11/12 21:30,5.1
2024/11/12 21:45,4.59
2024/11/12 22:00,4.19
2024/11/12 22:15,4.32
2024/11/12 22:30,4.43
2024/11/12 22:45,4.55
2024/11/12 23:00,4.46
2024/11/12 23:15,4.77
2024/11/12 23:30,5.25
2024/11/12 23:45,5.63
2024/11/13 0:00,6.31
2024/11/13 0:15,6.8
2024/11/13 0:30,7.54
2024/11/13 0:45,7.99
2024/11/13 1:00,8.38
2024/11/13 1:15,8.45
2024/11/13 1:30,8.81
2024/11/13 1:45,8.44
2024/11/13 2:00,8.07
2024/11/13 2:15,7.41
2024/11/13 2:30,6.87
2024/11/13 2:45,6.19
2024/11/13 3:00,5.3
2024/11/13 3:15,4.62
2024/11/13 3:30,3.93
2024/11/13 3:45,3.34
2024/11/13 4:00,2.53
2024/11/13 4:15,2.34
2024/11/13 4:30,1.98
2024/11/13 4:45,1.82
2024/11/13 5:00,1.85
2024/11/13 5:15,1.96
2024/11/13 5:30,1.79
2024/11/13 5:45,1.61
2024/11/13 6:00,1.91
2024/11/13 6:15,2.27
2024/11/13 6:30,2.52
2024/11/13 6:45,2.91
2024/11/13 7:00,3.08
2024/11/13 7:15,3.41
2024/11/13 7:30,4.1
2024/11/13 7:45,4.22
2024/11/13 8:00,4.42
2024/11/13 8:15,5.14
2024/11/13 8:30,4.99
2024/11/13 8:45,4.94
2024/11/13 9:00,5.76
2024/11/13 9:15,5.9
2024/11/13 9:30,5.87
2024/11/13 9:45,5.57
2024/11/13 10:00,5.65
2024/11/13 10:15,5.43
2024/11/13 10:30,5.15
2024/11/13 10:45,5.15
2024/11/13 11:00,4.46
2024/11/13 11:15,4.31
2024/11/13 11:30,4.08
2024/11/13 11:45,3.61
2024/11/13 12:00,3.4
2024/11/13 12:15,3.0
2024/11/13 12:30,2.71
2024/11/13 12:45,2.48
2024/11/13 13:00,2.34
2024/11/13 13:15,2.07
2024/11/13 13:30,1.86
2024/11/13 13:45,2.18
2024/11/13 14:00,2.25
2024/11/13 14:15,2.2
2024/11/13 14:30,2.22
2024/11/13 14:45,2.26
2024/11/13 15:00,2.73
2024/11/13 15:15,2.79
2024/11/13 15:30,3.07
2024/11/13 15:45,3.63
2024/11/13 16:00,3.87
2024/11/13 16:15,4.42
2024/11/13 16:30,4.73
2024/11/13 16:45,5.05
2024/11/13 17:00,5.27
2024/11/13 17:15,5.76
2024/11/13 17:30,6.11
2024/11/13 17:45,6.35
2024/11/13 18:00,6.75
2024/11/13 18:15,6.84
2024/11/13 18:30,7.15
2024/11/13 18:45,7.3
2024/11/13 19:00,7.18
2024/11/13 19:15,7.33
2024/11/13 19:30,6.97
2024/11/13 19:45,6.85
2024/11/13 20:00,6.79
2024/11/13 20:15,6.66
2024/11/13 20:30,6.39
2024/11/13 20:45,6.18
2024/11/13 21:00,5.55
2024/11/13 21:15,5.25
2024/11/13 21:30,4.8
2024/11/13 21:45,4.49
2024/11/13 22:00,4.49
2024/11/13 22:15,4.19
2024/11/13 22:30,4.44
2024/11/13 22:45,4.09
2024/11/13 23:00,4.55
2024/11/13 23:15,4.62
2024/11/13 23:30,5.05
2024/11/13 23:45,5.75
2024/11/14 0:00,5.6
2024/11/14 0:15,5.89
2024/11/14 0:30,6.12
2024/11/14 0:45,6.79
2024/11/14 1:00,6.69
2024/11/14 1:15,7.02
2024/11/14 1:30,7.14
2024/11/14 1:45,7.3
2024/11/14 2:00,7.19
2024/11/14 2:15,7.19
2024/11/14 2:30,7.13
2024/11/14 2:45,6.72
2024/11/14 3:00,6.72
2024/11/14 3:15,6.38
2024/11/14 3:30,5.9
2024/11/14 3:45,5.4
2024/11/14 4:00,4.51
2024/11/14 4:15,4.6
2024/11/14 4:30,4.06
2024/11/14 4:45,3.71
2024/11/14 5:00,3.12
2024/11/14 5:15,3.18
2024/11/14 5:30,2.65
2024/11/14 5:45,2.69
2024/11/14 6:00,2.66
2024/11/14 6:15,2.36
2024/11/14 6:30,2.56
2024/11/14 6:45,2.26
2024/11/14 7:00,2.5
2024/11/14 7:15,2.29
2024/11/14 7:30,2.74
2024/11/14 7:45,2.85
2024/11/14 8:00,2.95
2024/11/14 8:15,3.0
2024/11/14 8:30,3.06
2024/11/14 8:45,3.43
2024/11/14 9:00,3.9
2024/11/14 9:15,4.01
2024/11/14 9:30,4.04
2024/11/14 9:45,4.38
2024/11/14 10:00,5.03
2024/11/14 10:15,5.22
2024/11/14 10:30,5.26
2024/11/14 10:45,5.48
2024/11/14 11:00,5.95
2024/11/14 11:15,6.06
2024/11/14 11:30,6.6
2024/11/14 11:45,7.26
2024/11/14 12:00,6.91
2024/11/14 12:15,7.35
2024/11/14 12:30,7.79
2024/11/14 12:45,7.89
2024/11/14 13:00,7.91
2024/11/14 13:15,8.04
2024/11/14 13:30,7.98
2024/11/14 13:45,8.18
2024/11/14 14:00,8.3
2024/11/14 14:15,8.44
2024/11/14 14:30,8.16
2024/11/14 14:45,8.19
2024/11/14 15:00,8.02
2024/11/14 15:15,8.13
2024/11/14 15:30,8.14
2024/11/14 15:45,8.05
2024/11/14 16:00,7.71
2024/11/14 16:15,7.86
2024/11/14 16:30,7.71
2024/11/14 16:45,7.96
2024/11/14 17:00,7.81
2024/11/14 17:15,7.66
2024/11/14 17:30,7.93
2024/11/14 17:45,8.13
2024/11/14 18:00,8.22
2024/11/14 18:15,8.23
2024/11/14 18:30,8.33
2024/11/14 18:45,8.37
2024/11/14 19:00,8.53
2024/11/14 19:15,8.49
2024/11/14 19:30,8.74
2024/11/14 19:45,8.38
2024/11/14 20:00,8.4
2024/11/14 20:15,8.18
2024/11/14 20:30,8.06
2024/11/14 20:45,7.77
2024/11/14 21:00,7.37
2024/11/14 21:15,6.95
2024/11/14 21:30,6.38
2024/11/14 21:45,6.02
2024/11/14 22:00,5.73
2024/11/14 22:15,5.7
2024/11/14 22:30,5.39
2024/11/14 22:45,5.38
2024/11/14 23:00,5.34
2024/11/14 23:15,5.1
2024/11/14 23:30,5.32
2024/11/14 23:45,5.48
2024/11/15 0:00,5.65
2024/11/15 0:15,5.88
2024/11/15 0:30,6.42
2024/11/15 0:45,6.53
2024/11/15 1:00,6.79
2024/11/15 1:15,6.89
2024/11/15 1:30,7.27
2024/11/15 1:45,7.12
2024/11/15 2:00,7.35
2024/11/15 2:15,7.29
2024/11/15 2:30,7.01
2024/11/15 2:45,6.9
2024/11/15 3:00,6.59
2024/11/15 3:15,6.2
2024/11/15 3:30,5.81
2024/11/15 3:45,5.4
2024/11/15 4:00,4.98
2024/11/15 4:15,4.54
2024/11/15 4:30,3.96
2024/11/15 4:45,3.72
2024/11/15 5:00,3.44
2024/11/15 5:15,3.12
2024/11/15 5:30,3.01
2024/11/15 5:45,2.76
2024/11/15 6:00,2.4
2024/11/15 6:15,2.41
2024/11/15 6:30,2.34
2024/11/15 6:45,2.38
2024/11/15 7:00,2.41
2024/11/15 7:15,2.57
2024/11/15 7:30,2.61
2024/11/15 7:45,2.9
2024/11/15 8:00,2.91
2024/11/15 8:15,2.94
2024/11/15 8:30,3.2
2024/11/15 8:45,3.58
2024/11/15 9:00,3.49
2024/11/15 9:15,3.79
2024/11/15 9:30,4.27
2024/11/15 9:45,4.69
2024/11/15 10:00,5.04
2024/11/15 10:15,5.11
2024/11/15 10:30,5.61
2024/11/15 10:45,5.76
2024/11/15 11:00,5.82
2024/11/15 11:15,6.34
2024/11/15 11:30,6.53
2024/11/15 11:45,7.03
2024/11/15 12:00,7.14
2024/11/15 12:15,7.19
2024/11/15 12:30,7.37
2024/11/15 12:45,7.77
2024/11/15 13:00,7.57
2024/11/15 13:15,7.98
2024/11/15 13:30,8.19
2024/11/15 13:45,8.07
2024/11/15 14:00,8.41
2024/11/15 14:15,8.45
2024/11/15 14:30,8.1
2024/11/15 14:45,8.17
2024/11/15 15:00,8.31
2024/11/15 15:15,8.1
2024/11/15 15:30,7.81
2024/11/15 15:45,7.93
2024/11/15 16:00,7.76
2024/11/15 16:15,8.01
2024/11/15 16:30,7.9
2024/11/15 16:45,7.76
2024/11/15 17:00,7.86
2024/11/15 17:15,7.69
2024/11/15 17:30,7.85
2024/11/15 17:45,8.3
2024/11/15 18:00,8.19
2024/11/15 18:15,8.44
2024/11/15 18:30,8.45
2024/11/15 18:45,8.72
2024/11/15 19:00,8.29
2024/11/15 19:15,8.59
2024/11/15 19:30,8.84
2024/11/15 19:45,8.66
2024/11/15 20:00,8.58
2024/11/15 20:15,8.17
2024/11/15 20:30,7.83
2024/11/15 20:45,7.45
2024/11/15 21:00,7.1
2024/11/15 21:15,7.02
2024/11/15 21:30,6.61
2024/11/15 21:45,6.17
2024/11/15 22:00,5.94
2024/11/15 22:15,5.61
2024/11/15 22:30,5.53
2024/11/15 22:45,5.39
2024/11/15 23:00,5.03
2024/11/15 23:15,5.25
2024/11/15 23:30,5.06
2024/11/15 23:45,5.5
2024/11/16 0:00,6.32
2024/11/16 0:15,6.62
2024/11/16 0:30,7.32
2024/11/16 0:45,7.88
2024/11/16 1:00,8.3
2024/11/16 1:15,8.44
2024/11/16 1:30,8.35
2024/11/16 1:45,8.36
2024/11/16 2:00,7.78
2024/11/16 2:15,7.49
2024/11/16 2:30,6.82
2024/11/16 2:45,6.15
2024/11/16 3:00,5.33
2024/11/16 3:15,4.44
2024/11/16 3:30,3.9
2024/11/16 3:45,3.47
2024/11/16 4:00,2.98
2024/11/16 4:15,2.73
2024/11/16 4:30,2.29
2024/11/16 4:45,1.64
2024/11/16 5:00,1.63
2024/11/16 5:15,1.65
2024/11/16 5:30,1.68
2024/11/16 5:45,1.81
2024/11/16 6:00,2.33
2024/11/16 6:15,2.02
2024/11/16 6:30,2.35
2024/11/16 6:45,3.01
2024/11/16 7:00,3.01
2024/11/16 7:15,3.52
2024/11/16 7:30,3.99
2024/11/16 7:45,4.28
2024/11/16 8:00,4.6
2024/11/16 8:15,5.05
2024/11/16 8:30,5.08
2024/11/16 8:45,5.39
2024/11/16 9:00,5.73
2024/11/16 9:15,5.45
2024/11/16 9:30,6.02
2024/11/16 9:45,5.81
2024/11/16 10:00,5.68
2024/11/16 10:15,5.23
2024/11/16 10:30,5.04
2024/11/16 10:45,4.88
2024/11/16 11:00,4.73
2024/11/16 11:15,3.95
2024/11/16 11:30,4.02
2024/11/16 11:45,3.5
2024/11/16 12:00,3.18
2024/11/16 12:15,2.95
2024/11/16 12:30,2.68
2024/11/16 12:45,2.31
2024/11/16 13:00,2.34
2024/11/16 13:15,1.78
2024/11/16 13:30,1.99
2024/11/16 13:45,2.06
2024/11/16 14:00,2.03
2024/11/16 14:15,1.89
2024/11/16 14:30,2.42
2024/11/16 14:45,2.3
2024/11/16 15:00,2.71
2024/11/16 15:15,3.01
2024/11/16 15:30,3.3
2024/11/16 15:45,3.81
2024/11/16 16:00,3.98
2024/11/16 16:15,4.43
2024/11/16 16:30,4.75
2024/11/16 16:45,5.23
2024/11/16 17:00,5.73
2024/11/16 17:15,5.91
2024/11/16 17:30,6.35
2024/11/16 17:45,6.76
2024/11/16 18:00,7.0
2024/11/16 18:15,6.96
2024/11/16 18:30,7.33
2024/11/16 18:45,7.31
2024/11/16 19:00,7.47
2024/11/16 19:15,7.35
2024/11/16 19:30,7.22
2024/11/16 19:45,7.08
2024/11/16 20:00,6.85
2024/11/16 20:15,6.6
2024/11/16 20:30,6.23
2024/11/16 20:45,5.9
2024/11/16 21:00,5.87
2024/11/16 21:15,5.34
2024/11/16 21:30,4.87
2024/11/16 21:45,4.64
2024/11/16 22:00,4.62
2024/11/16 22:15,4.2
2024/11/16 22:30,4.03
2024/11/16 22:45,4.1
2024/11/16 23:00,4.22
2024/11/16 23:15,4.57
2024/11/16 23:30,4.99
2024/11/16 23:45,5.87
2024/11/17 0:00,6.22
2024/11/17 0:15,6.76
2024/11/17 0:30,7.17
2024/11/17 0:45,7.86
2024/11/17 1:00,8.0
2024/11/17 1:15,8.43
2024/11/17 1:30,8.83
2024/11/17 1:45,8.47
2024/11/17 2:00,8.0
2024/11/17 2:15,7.63
2024/11/17 2:30,6.81
2024/11/17 2:45,6.05
2024/11/17 3:00,5.67
2024/11/17 3:15,4.49
2024/11/17 3:30,3.91
2024/11/17 3:45,3.38
2024/11/17 4:00,2.65
2024/11/17 4:15,2.46
2024/11/17 4:30,1.99
2024/11/17 4:45,1.92
2024/11/17 5:00,1.78
2024/11/17 5:15,1.62
2024/11/17 5:30,1.95
2024/11/17 5:45,1.7
2024/11/17 6:00,2.17
2024/11/17 6:15,2.36
2024/11/17 6:30,2.72
2024/11/17 6:45,2.79
2024/11/17 7:00,2.98
2024/11/17 7:15,3.77
2024/11/17 7:30,3.79
2024/11/17 7:45,4.09
2024/11/17 8:00,4.55
2024/11/17 8:15,4.77
2024/11/17 8:30,5.29
2024/11/17 8:45,5.37
2024/11/17 9:00,5.61
2024/11/17 9:15,5.91
2024/11/17 9:30,5.9
2024/11/17 9:45,5.77
2024/11/17 10:00,5.68
2024/11/17 10:15,5.48
2024/11/17 10:30,5.17
2024/11/17 10:45,4.94
2024/11/17 11:00,4.69
2024/11/17 11:15,4.24
2024/11/17 11:30,3.97
2024/11/17 11:45,3.43
2024/11/17 12:00,3.13
2024/11/17 12:15,2.8
2024/11/17 12:30,2.56
2024/11/17 12:45,2.61
2024/11/17 13:00,2.36
2024/11/17 13:15,1.96
2024/11/17 13:30,2.12
2024/11/17 13:45,1.98
2024/11/17 14:00,1.98
2024/11/17 14:15,1.94
2024/11/17 14:30,2.45
2024/11/17 14:45,2.29
2024/11/17 15:00,2.71
2024/11/17 15:15,2.85
2024/11/17 15:30,3.41
2024/11/17 15:45,3.58
2024/11/17 16:00,3.97
2024/11/17 16:15,4.35
2024/11/17 16:30,4.8
2024/11/17 16:45,5.14
2024/11/17 17:00,5.52
2024/11/17 17:15,5.81
2024/11/17 17:30,5.99
2024/11/17 17:45,6.37
2024/11/17 18:00,6.91
2024/11/17 18:15,6.97
2024/11/17 18:30,7.07
2024/11/17 18:45,7.06
2024/11/17 19:00,7.04
2024/11/17 19:15,7.16
2024/11/17 19:30,7.31
2024/11/17 19:45,6.94
2024/11/17 20:00,6.87
2024/11/17 20:15,6.46
2024/11/17 20:30,6.35
2024/11/17 20:45,5.88
2024/11/17 21:00,5.42
2024/11/17 21:15,5.23
2024/11/17 21:30,5.23
2024/11/17 21:45,4.95
2024/11/17 22:00,4.53
2024/11/17 22:15,4.29
2024/11/17 22:30,4.3
2024/11/17 22:45,4.35
2024/11/17 23:00,4.47
2024/11/17 23:15,4.83
2024/11/17 23:30,5.2
2024/11/17 23:45,5.62
2024/11/18 0:00,6.05
2024/11/18 0:15,6.75
2024/11/18 0:30,7.5
2024/11/18 0:45,7.88
2024/11/18 1:00,8.31
2024/11/18 1:15,8.44
2024/11/18 1:30,8.36
2024/11/18 1:45,8.33
2024/11/18 2:00,7.87
2024/11/18 2:15,7.36
2024/11/18 2:30,7.07
2024/11/18 2:45,6.11
2024/11/18 3:00,5.3
2024/11/18 3:15,4.91
2024/11/18 3:30,4.08
2024/11/18 3:45,3.27
2024/11/18 4:00,2.86
2024/11/18 4:15,2.33
2024/11/18 4:30,1.94
2024/11/18 4:45,1.89
2024/11/18 5:00,1.64
2024/11/18 5:15,1.67
2024/11/18 5:30,1.85
2024/11/18 5:45,1.93
2024/11/18 6:00,1.88
2024/11/18 6:15,2.26
2024/11/18 6:30,2.28
2024/11/18 6:45,2.83
2024/11/18 7:00,3.12
2024/11/18 7:15,3.52
2024/11/18 7:30,3.79
2024/11/18 7:45,4.52
2024/11/18 8:00,4.44
2024/11/18 8:15,5.06
2024/11/18 8:30,5.06
2024/11/18 8:45,5.54
2024/11/18 9:00,5.73
2024/11/18 9:15,5.77
2024/11/18 9:30,5.73
2024/11/18 9:45,5.79
2024/11/18 10:00,5.7
2024/11/18 10:15,5.74
2024/11/18 10:30,5.1
2024/11/18 10:45,4.86
2024/11/18 11:00,4.66
2024/11/18 11:15,4.22
2024/11/18 11:30,3.89
2024/11/18 11:45,3.71
2024/11/18 12:00,2.8
2024/11/18 12:15,2.82
2024/11/18 12:30,2.38
2024/11/18 12:45,2.24
2024/11/18 13:00,2.61
2024/11/18 13:15,2.21
2024/11/18 13:30,2.2
2024/11/18 13:45,2.03
2024/11/18 14:00,2.19
2024/11/18 14:15,1.9
2024/11/18 14:30,2.46
2024/11/18 14:45,2.37
2024/11/18 15:00,2.64
2024/11/18 15:15,3.07
2024/11/18 15:30,3.34
2024/11/18 15:45,3.64
2024/11/18 16:00,3.78
2024/11/18 16:15,4.38
2024/11/18 16:30,4.9
2024/11/18 16:45,5.06
2024/11/18 17:00,5.72
2024/11/18 17:15,5.76
2024/11/18 17:30,6.23
2024/11/18 17:45,6.77
2024/11/18 18:00,6.7
2024/11/18 18:15,7.17
2024/11/18 18:30,7.47
2024/11/18 18:45,7.29
2024/11/18 19:00,7.22
2024/11/18 19:15,7.15
2024/11/18 19:30,7.37
2024/11/18 19:45,7.21
2024/11/18 20:00,7.03
2024/11/18 20:15,6.55
2024/11/18 20:30,6.41
2024/11/18 20:45,5.93
2024/11/18 21:00,5.47
2024/11/18 21:15,5.44
2024/11/18 21:30,5.2
2024/11/18 21:45,4.53
2024/11/18 22:00,4.3
2024/11/18 22:15,4.32
2024/11/18 22:30,4.4
2024/11/18 22:45,4.14
2024/11/18 23:00,4.51
2024/11/18 23:15,4.68
2024/11/18 23:30,5.27
2024/11/18 23:45,5.55
2024/11/19 0:00,6.34
2024/11/19 0:15,6.79
2024/11/19 0:30,7.24
2024/11/19 0:45,7.89
2024/11/19 1:00,7.97
2024/11/19 1:15,8.4
2024/11/19 1:30,8.57
2024/11/19 1:45,8.1
2024/11/19 2:00,7.64
2024/11/19 2:15,7.17
2024/11/19 2:30,7.09
2024/11/19 2:45,6.16
2024/11/19 3:00,5.33
2024/11/19 3:15,4.81
2024/11/19 3:30,3.9
2024/11/19 3:45,3.37
2024/11/19 4:00,2.8
2024/11/19 4:15,2.29
2024/11/19 4:30,2.08
2024/11/19 4:45,1.93
2024/11/19 5:00,1.67
2024/11/19 5:15,1.58
2024/11/19 5:30,1.64
2024/11/19 5:45,1.45
2024/11/19 6:00,2.01
2024/11/19 6:15,2.0
2024/11/19 6:30,2.55
2024/11/19 6:45,2.75
2024/11/19 7:00,3.11
2024/11/19 7:15,3.57
2024/11/19 7:30,3.7
2024/11/19 7:45,4.27
2024/11/19 8:00,4.62
2024/11/19 8:15,4.89
2024/11/19 8:30,5.07
2024/11/19 8:45,5.55
2024/11/19 9:00,5.75
2024/11/19 9:15,5.78
2024/11/19 9:30,5.64
2024/11/19 9:45,5.69
2024/11/19 10:00,5.65
2024/11/19 10:15,5.58
2024/11/19 10:30,5.0
2024/11/19 10:45,4.86
2024/11/19 11:00,4.55
2024/11/19 11:15,4.25
2024/11/19 11:30,3.71
2024/11/19 11:45,3.52
2024/11/19 12:00,3.17
2024/11/19 12:15,2.76
2024/11/19 12:30,2.63
2024/11/19 12:45,2.34
2024/11/19 13:00,2.32
2024/11/19 13:15,1.99
2024/11/19 13:30,2.07
2024/11/19 13:45,1.92
2024/11/19 14:00,1.99
2024/11/19 14:15,2.21
2024/11/19 14:30,2.34
2024/11/19 14:45,2.43
2024/11/19 15:00,2.68
2024/11/19 15:15,2.77
2024/11/19 15:30,3.51
2024/11/19 15:45,3.73
2024/11/19 16:00,4.09
2024/11/19 16:15,4.13
2024/11/19 16:30,4.66
2024/11/19 16:45,5.09
2024/11/19 17:00,5.23
2024/11/19 17:15,6.02
2024/11/19 17:30,6.45
2024/11/19 17:45,6.85
2024/11/19 18:00,6.64
2024/11/19 18:15,7.03
2024/11/19 18:30,7.37
2024/11/19 18:45,7.23
2024/11/19 19:00,7.22
2024/11/19 19:15,6.99
2024/11/19 19:30,7.34
2024/11/19 19:45,7.02
2024/11/19 20:00,6.7
2024/11/19 20:15,6.6
2024/11/19 20:30,6.28
2024/11/19 20:45,5.96
2024/11/19 21:00,5.57
2024/11/19 21:15,5.51
2024/11/19 21:30,4.94
2024/11/19 21:45,4.92
2024/11/19 22:00,4.54
2024/11/19 22:15,4.36
2024/11/19 22:30,4.24
2024/11/19 22:45,4.45
2024/11/19 23:00,4.49
2024/11/19 23:15,4.63
2024/11/19 23:30,5.02
2024/11/19 23:45,5.73
2024/11/20 0:00,6.09
2024/11/20 0:15,6.81
2024/11/20 0:30,7.54
2024/11/20 0:45,7.93
2024/11/20 1:00,8.15
2024/11/20 1:15,8.69
2024/11/20 1:30,8.61
2024/11/20 1:45,8.52
2024/11/20 2:00,7.69
2024/11/20 2:15,7.57
2024/11/20 2:30,7.02
2024/11/20 2:45,6.42
2024/11/20 3:00,5.19
2024/11/20 3:15,4.84
2024/11/20 3:30,4.21
2024/11/20 3:45,3.03
2024/11/20 4:00,2.87
2024/11/20 4:15,2.46
2024/11/20 4:30,1.99
2024/11/20 4:45,1.74
2024/11/20 5:00,1.79
2024/11/20 5:15,1.56
2024/11/20 5:30,1.66
2024/11/20 5:45,1.92
2024/11/20 6:00,2.23
2024/11/20 6:15,2.27
2024/11/20 6:30,2.47
2024/11/20 6:45,2.68
2024/11/20 7:00,2.95
2024/11/20 7:15,3.63
2024/11/20 7:30,3.81
2024/11/20 7:45,4.38
2024/11/20 8:00,4.53
2024/11/20 8:15,4.82
2024/11/20 8:30,5.28
2024/11/20 8:45,5.45
2024/11/20 9:00,5.47
2024/11/20 9:15,6.04
2024/11/20 9:30,5.71
2024/11/20 9:45,5.91
2024/11/20 10:00,5.78
2024/11/20 10:15,5.29
2024/11/20 10:30,5.08
2024/11/20 10:45,4.9
2024/11/20 11:00,4.48
2024/11/20 11:15,4.52
2024/11/20 11:30,3.87
2024/11/20 11:45,3.69
2024/11/20 12:00,3.3
2024/11/20 12:15,2.95
2024/11/20 12:30,2.65
2024/11/20 12:45,2.61
2024/11/20 13:00,2.12
2024/11/20 13:15,2.38
2024/11/20 13:30,1.86
2024/11/20 13:45,2.16
2024/11/20 14:00,1.87
2024/11/20 14:15,2.12
2024/11/20 14:30,2.32
2024/11/20 14:45,2.42
2024/11/20 15:00,2.69
2024/11/20 15:15,2.78
2024/11/20 15:30,3.15
2024/11/20 15:45,3.7
2024/11/20 16:00,3.99
2024/11/20 16:15,4.26
2024/11/20 16:30,4.95
2024/11/20 16:45,4.96
2024/11/20 17:00,5.47
2024/11/20 17:15,5.81
2024/11/20 17:30,6.32
2024/11/20 17:45,6.54
2024/11/20 18:00,6.78
2024/11/20 18:15,6.74
2024/11/20 18:30,7.3
2024/11/20 18:45,7.24
2024/11/20 19:00,7.32
2024/11/20 19:15,7.16
2024/11/20 19:30,7.04
2024/11/20 19:45,7.24
2024/11/20 20:00,6.54
2024/11/20 20:15,6.39
2024/11/20 20:30,6.48
2024/11/20 20:45,6.03
2024/11/20 21:00,5.55
2024/11/20 21:15,5.46
2024/11/20 21:30,5.02
2024/11/20 21:45,4.71
2024/11/20 22:00,4.49
2024/11/20 22:15,4.38
2024/11/20 22:30,4.33
2024/11/20 22:45,4.64
2024/11/20 23:00,4.45
2024/11/20 23:15,4.74
2024/11/20 23:30,4.98
2024/11/20 23:45,5.66
2024/11/21 0:00,5.98
2024/11/21 0:15,6.11
2024/11/21 0:30,6.16
2024/11/21 0:45,6.53
2024/11/21 1:00,6.59
2024/11/21 1:15,6.86
2024/11/21 1:30,7.19
2024/11/21 1:45,7.19
2024/11/21 2:00,7.12
2024/11/21 2:15,7.29
2024/11/21 2:30,7.06
2024/11/21 2:45,6.62
2024/11/21 3:00,6.25
2024/11/21 3:15,6.12
2024/11/21 3:30,5.57
2024/11/21 3:45,5.11
2024/11/21 4:00,5.13
2024/11/21 4:15,4.52
2024/11/21 4:30,4.08
2024/11/21 4:45,3.72
2024/11/21 5:00,3.23
2024/11/21 5:15,3.17
2024/11/21 5:30,2.84
2024/11/21 5:45,2.56
2024/11/21 6:00,2.43
2024/11/21 6:15,2.25
2024/11/21 6:30,2.32
2024/11/21 6:45,2.34
2024/11/21 7:00,2.35
2024/11/21 7:15,2.49
2024/11/21 7:30,2.57
2024/11/21 7:45,2.75
2024/11/21 8:00,3.02
2024/11/21 8:15,3.15
2024/11/21 8:30,3.41
2024/11/21 8:45,3.37
2024/11/21 9:00,3.66
2024/11/21 9:15,4.09
2024/11/21 9:30,4.37
2024/11/21 9:45,4.45
2024/11/21 10:00,4.94
2024/11/21 10:15,5.0
2024/11/21 10:30,5.52
2024/11/21 10:45,5.75
2024/11/21 11:00,5.84
2024/11/21 11:15,6.28
2024/11/21 11:30,6.95
2024/11/21 11:45,6.92
2024/11/21 12:00,7.49
2024/11/21 12:15,7.16
2024/11/21 12:30,7.7
2024/11/21 12:45,7.4
2024/11/21 13:00,7.93
2024/11/21 13:15,8.15
2024/11/21 13:30,8.28
2024/11/21 13:45,8.1
2024/11/21 14:00,8.42
2024/11/21 14:15,8.19
2024/11/21 14:30,8.23
2024/11/21 14:45,8.15
2024/11/21 15:00,7.99
2024/11/21 15:15,8.33
2024/11/21 15:30,8.03
2024/11/21 15:45,8.12
2024/11/21 16:00,8.05
2024/11/21 16:15,7.7
2024/11/21 16:30,8.0
2024/11/21 16:45,7.89
2024/11/21 17:00,7.68
2024/11/21 17:15,7.95
2024/11/21 17:30,7.81
2024/11/21 17:45,8.31
2024/11/21 18:00,8.3
2024/11/21 18:15,8.29
2024/11/21 18:30,8.61
2024/11/21 18:45,8.28
2024/11/21 19:00,8.48
2024/11/21 19:15,8.58
2024/11/21 19:30,8.93
2024/11/21 19:45,8.36
2024/11/21 20:00,8.12
2024/11/21 20:15,7.96
2024/11/21 20:30,8.05
2024/11/21 20:45,7.52
2024/11/21 21:00,7.24
2024/11/21 21:15,7.02
2024/11/21 21:30,6.51
2024/11/21 21:45,6.21
2024/11/21 22:00,5.94
2024/11/21 22:15,5.53
2024/11/21 22:30,5.36
2024/11/21 22:45,5.28
2024/11/21 23:00,5.32
2024/11/21 23:15,5.09
2024/11/21 23:30,4.86
2024/11/21 23:45,5.58
2024/11/22 0:00,5.84
2024/11/22 0:15,5.99
2024/11/22 0:30,6.28
2024/11/22 0:45,6.44
2024/11/22 1:00,6.86
2024/11/22 1:15,7.14
2024/11/22 1:30,7.18
2024/11/22 1:45,7.64
2024/11/22 2:00,7.05
2024/11/22 2:15,7.24
2024/11/22 2:30,6.9
2024/11/22 2:45,6.98
2024/11/22 3:00,6.32
2024/11/22 3:15,6.01
2024/11/22 3:30,5.72
2024/11/22 3:45,5.43
2024/11/22 4:00,4.87
2024/11/22 4:15,4.44
2024/11/22 4:30,4.1
2024/11/22 4:45,3.71
2024/11/22 5:00,3.63
2024/11/22 5:15,3.21
2024/11/22 5:30,2.82
2024/11/22 5:45,2.98
2024/11/22 6:00,2.6
2024/11/22 6:15,2.29
2024/11/22 6:30,2.42
2024/11/22 6:45,2.46
2024/11/22 7:00,2.31
2024/11/22 7:15,2.32
2024/11/22 7:30,2.6
2024/11/22 7:45,2.66
2024/11/22 8:00,3.1
2024/11/22 8:15,3.17
2024/11/22 8:30,3.17
2024/11/22 8:45,3.56
2024/11/22 9:00,3.93
2024/11/22 9:15,3.79
2024/11/22 9:30,4.11
2024/11/22 9:45,4.55
2024/11/22 10:00,4.85
2024/11/22 10:15,5.14
2024/11/22 10:30,5.4
2024/11/22 10:45,5.7
2024/11/22 11:00,6.11
2024/11/22 11:15,6.51
2024/11/22 11:30,6.55
2024/11/22 11:45,7.26
2024/11/22 12:00,7.44
2024/11/22 12:15,7.58
2024/11/22 12:30,7.68
2024/11/22 12:45,8.08
2024/11/22 13:00,7.89
2024/11/22 13:15,7.93
2024/11/22 13:30,8.08
2024/11/22 13:45,8.07
2024/11/22 14:00,8.28
2024/11/22 14:15,8.32
2024/11/22 14:30,8.28
2024/11/22 14:45,8.21
2024/11/22 15:00,8.18
2024/11/22 15:15,8.36
2024/11/22 15:30,8.12
2024/11/22 15:45,8.09
2024/11/22 16:00,7.92
2024/11/22 16:15,7.6
2024/11/22 16:30,7.54
2024/11/22 16:45,8.12
2024/11/22 17:00,7.75
2024/11/22 17:15,7.79
2024/11/22 17:30,8.0
2024/11/22 17:45,8.15
2024/11/22 18:00,8.28
2024/11/22 18:15,8.57
2024/11/22 18:30,8.64
2024/11/22 18:45,8.4
2024/11/22 19:00,8.74
2024/11/22 19:15,8.56
2024/11/22 19:30,8.58
2024/11/22 19:45,8.35
2024/11/22 20:00,8.12
2024/11/22 20:15,8.17
2024/11/22 20:30,7.77
2024/11/22 20:45,7.75
2024/11/22 21:00,7.22
2024/11/22 21:15,6.95
2024/11/22 21:30,6.74
2024/11/22 21:45,5.96
2024/11/22 22:00,5.75
2024/11/22 22:15,5.62
2024/11/22 22:30,5.43
2024/11/22 22:45,5.41
2024/11/22 23:00,5.32
2024/11/22 23:15,5.23
2024/11/22 23:30,5.36
2024/11/22 23:45,5.53
2024/11/23 0:00,6.01
2024/11/23 0:15,6.79
2024/11/23 0:30,7.42
2024/11/23 0:45,7.95
2024/11/23 1:00,8.12
2024/11/23 1:15,8.29
2024/11/23 1:30,8.49
2024/11/23 1:45,8.66
2024/11/23 2:00,7.91
2024/11/23 2:15,7.7
2024/11/23 2:30,7.13
2024/11/23 2:45,6.18
2024/11/23 3:00,5.31
2024/11/23 3:15,4.74
2024/11/23 3:30,3.99
2024/11/23 3:45,3.2
2024/11/23 4:00,2.7
2024/11/23 4:15,2.43
2024/11/23 4:30,2.18
2024/11/23 4:45,1.77
2024/11/23 5:00,1.68
2024/11/23 5:15,1.75
2024/11/23 5:30,1.67
2024/11/23 5:45,1.75
2024/11/23 6:00,1.85
2024/11/23 6:15,2.07
2024/11/23 6:30,2.85
2024/11/23 6:45,2.73
2024/11/23 7:00,3.3
2024/11/23 7:15,3.71
2024/11/23 7:30,3.81
2024/11/23 7:45,4.27
2024/11/23 8:00,4.59
2024/11/23 8:15,4.67
2024/11/23 8:30,4.98
2024/11/23 8:45,5.47
2024/11/23 9:00,5.58
2024/11/23 9:15,6.05
2024/11/23 9:30,5.77
2024/11/23 9:45,6.06
2024/11/23 10:00,5.58
2024/11/23 10:15,5.76
2024/11/23 10:30,5.31
2024/11/23 10:45,5.03
2024/11/23 11:00,4.54
2024/11/23 11:15,4.35
2024/11/23 11:30,4.16
2024/11/23 11:45,3.53
2024/11/23 12:00,3.17
2024/11/23 12:15,2.88
2024/11/23 12:30,2.89
2024/11/23 12:45,2.55
2024/11/23 13:00,2.46
2024/11/23 13:15,2.17
2024/11/23 13:30,2.06
2024/11/23 13:45,2.1
2024/11/23 14:00,2.24
2024/11/23 14:15,2.13
2024/11/23 14:30,2.51
2024/11/23 14:45,2.55
2024/11/23 15:00,2.36
2024/11/23 15:15,3.12
2024/11/23 15:30,3.1
2024/11/23 15:45,3.76
2024/11/23 16:00,4.12
2024/11/23 16:15,4.42
2024/11/23 16:30,4.83
2024/11/23 16:45,5.31
2024/11/23 17:00,5.45
2024/11/23 17:15,6.01
2024/11/23 17:30,6.41
2024/11/23 17:45,6.8
2024/11/23 18:00,6.64
2024/11/23 18:15,7.08
2024/11/23 18:30,7.03
2024/11/23 18:45,7.12
2024/11/23 19:00,7.35
2024/11/23 19:15,7.28
2024/11/23 19:30,7.35
2024/11/23 19:45,6.97
2024/11/23 20:00,6.79
2024/11/23 20:15,6.58
2024/11/23 20:30,6.13
2024/11/23 20:45,5.83
2024/11/23 21:00,5.77
2024/11/23 21:15,5.19
2024/11/23 21:30,5.13
2024/11/23 21:45,4.77
2024/11/23 22:00,4.22
2024/11/23 22:15,4.39
2024/11/23 22:30,4.33
2024/11/23 22:45,4.37
2024/11/23 23:00,4.46
2024/11/23 23:15,4.63
2024/11/23 23:30,5.37
2024/11/23 23:45,5.65
2024/11/24 0:00,6.1
2024/11/24 0:15,6.89
2024/11/24 0:30,7.27
2024/11/24 0:45,7.74
2024/11/24 1:00,8.2
2024/11/24 1:15,8.38
2024/11/24 1:30,8.39
2024/11/24 1:45,8.49
2024/11/24 2:00,8.01
2024/11/24 2:15,7.71
2024/11/24 2:30,6.76
2024/11/24 2:45,5.91
2024/11/24 3:00,5.44
2024/11/24 3:15,4.94
2024/11/24 3:30,4.04
2024/11/24 3:45,3.81
2024/11/24 4:00,2.84
2024/11/24 4:15,2.4
2024/11/24 4:30,1.72
2024/11/24 4:45,1.88
2024/11/24 5:00,1.72
2024/11/24 5:15,1.59
2024/11/24 5:30,1.67
2024/11/24 5:45,1.79
2024/11/24 6:00,1.94
2024/11/24 6:15,2.5
2024/11/24 6:30,2.4
2024/11/24 6:45,2.78
2024/11/24 7:00,3.04
2024/11/24 7:15,3.58
2024/11/24 7:30,3.86
2024/11/24 7:45,4.17
2024/11/24 8:00,4.29
2024/11/24 8:15,4.95
2024/11/24 8:30,5.17
2024/11/24 8:45,5.45
2024/11/24 9:00,5.47
2024/11/24 9:15,5.98
2024/11/24 9:30,5.93
2024/11/24 9:45,5.98
2024/11/24 10:00,5.83
2024/11/24 10:15,5.56
2024/11/24 10:30,5.06
2024/11/24 10:45,5.22
2024/11/24 11:00,4.47
2024/11/24 11:15,4.22
2024/11/24 11:30,4.01
2024/11/24 11:45,3.67
2024/11/24 12:00,3.3
2024/11/24 12:15,2.85
2024/11/24 12:30,2.55
2024/11/24 12:45,2.8
2024/11/24 13:00,2.24
2024/11/24 13:15,2.1
2024/11/24 13:30,1.95
2024/11/24 13:45,2.08
2024/11/24 14:00,2.11
2024/11/24 14:15,2.16
2024/11/24 14:30,2.36
2024/11/24 14:45,2.76
2024/11/24 15:00,2.63
2024/11/24 15:15,3.0
2024/11/24 15:30,3.2
2024/11/24 15:45,3.67
2024/11/24 16:00,3.9
2024/11/24 16:15,4.29
2024/11/24 16:30,4.53
2024/11/24 16:45,5.16
2024/11/24 17:00,5.59
2024/11/24 17:15,6.17
2024/11/24 17:30,6.3
2024/11/24 17:45,6.47
2024/11/24 18:00,6.6
2024/11/24 18:15,6.83
2024/11/24 18:30,6.98
2024/11/24 18:45,7.55
2024/11/24 19:00,7.34
2024/11/24 19:15,7.18
2024/11/24 19:30,7.03
2024/11/24 19:45,6.89
2024/11/24 20:00,6.72
2024/11/24 20:15,6.75
2024/11/24 20:30,6.25
2024/11/24 20:45,5.72
2024/11/24 21:00,5.95
2024/11/24 21:15,5.1
2024/11/24 21:30,4.87
2024/11/24 21:45,4.88
2024/11/24 22:00,4.52
2024/11/24 22:15,4.24
2024/11/24 22:30,4.07
2024/11/24 22:45,4.16
2024/11/24 23:00,4.34
2024/11/24 23:15,4.77
2024/11/24 23:30,5.2
2024/11/24 23:45,5.64
2024/11/25 0:00,6.22
2024/11/25 0:15,6.66
2024/11/25 0:30,7.43
2024/11/25 0:45,8.07
2024/11/25 1:00,8.24
2024/11/25 1:15,8.46
2024/11/25 1:30,8.54
2024/11/25 1:45,8.54
2024/11/25 2:00,7.89
2024/11/25 2:15,7.74
2024/11/25 2:30,6.95
2024/11/25 2:45,6.17
2024/11/25 3:00,5.6
2024/11/25 3:15,4.49
2024/11/25 3:30,4.04
2024/11/25 3:45,3.39
2024/11/25 4:00,2.65
2024/11/25 4:15,2.43
2024/11/25 4:30,2.08
2024/11/25 4:45,1.79
2024/11/25 5:00,1.82
2024/11/25 5:15,1.57
2024/11/25 5:30,1.73
2024/11/25 5:45,1.78
2024/11/25 6:00,1.87
2024/11/25 6:15,2.26
2024/11/25 6:30,2.42
2024/11/25 6:45,2.54
2024/11/25 7:00,2.83
2024/11/25 7:15,3.58
2024/11/25 7:30,3.65
2024/11/25 7:45,4.25
2024/11/25 8:00,4.58
2024/11/25 8:15,4.86
2024/11/25 8:30,5.51
2024/11/25 8:45,5.49
2024/11/25 9:00,5.76
2024/11/25 9:15,5.81
2024/11/25 9:30,5.77
2024/11/25 9:45,5.77
2024/11/25 10:00,5.87
2024/11/25 10:15,5.64
2024/11/25 10:30,5.53
2024/11/25 10:45,4.97
2024/11/25 11:00,4.48
2024/11/25 11:15,4.2
2024/11/25 11:30,3.73
2024/11/25 11:45,3.67
2024/11/25 12:00,3.13
2024/11/25 12:15,2.45
2024/11/25 12:30,3.01
2024/11/25 12:45,2.34
2024/11/25 13:00,2.16
2024/11/25 13:15,2.37
2024/11/25 13:30,1.87
2024/11/25 13:45,2.21
2024/11/25 14:00,1.99
2024/11/25 14:15,1.97
2024/11/25 14:30,2.56
2024/11/25 14:45,2.63
2024/11/25 15:00,2.86
2024/11/25 15:15,3.05
2024/11/25 15:30,3.38
2024/11/25 15:45,3.45
2024/11/25 16:00,4.01
2024/11/25 16:15,4.23
2024/11/25 16:30,4.55
2024/11/25 16:45,5.2
2024/11/25 17:00,5.7
2024/11/25 17:15,5.83
2024/11/25 17:30,6.2
2024/11/25 17:45,6.37
2024/11/25 18:00,6.8
2024/11/25 18:15,7.13
2024/11/25 18:30,7.29
2024/11/25 18:45,7.35
2024/11/25 19:00,7.21
2024/11/25 19:15,7.17
2024/11/25 19:30,7.29
2024/11/25 19:45,7.14
2024/11/25 20:00,6.78
2024/11/25 20:15,6.49
2024/11/25 20:30,6.43
2024/11/25 20:45,5.88
2024/11/25 21:00,5.72
2024/11/25 21:15,5.25
2024/11/25 21:30,4.8
2024/11/25 21:45,4.92
2024/11/25 22:00,4.47
2024/11/25 22:15,4.2
2024/11/25 22:30,4.05
2024/11/25 22:45,4.11
2024/11/25 23:00,4.42
2024/11/25 23:15,5.06
2024/11/25 23:30,5.08
2024/11/25 23:45,5.88
2024/11/26 0:00,6.21
2024/11/26 0:15,6.64
2024/11/26 0:30,7.31
2024/11/26 0:45,7.69
2024/11/26 1:00,8.13
2024/11/26 1:15,8.35
2024/11/26 1:30,8.24
2024/11/26 1:45,8.6
2024/11/26 2:00,8.06
2024/11/26 2:15,7.42
2024/11/26 2:30,6.92
2024/11/26 2:45,6.04
2024/11/26 3:00,5.01
2024/11/26 3:15,5.11
2024/11/26 3:30,3.99
2024/11/26 3:45,3.24
2024/11/26 4:00,2.5
2024/11/26 4:15,2.14
2024/11/26 4:30,2.29
2024/11/26 4:45,2.04
2024/11/26 5:00,1.81
2024/11/26 5:15,1.49
2024/11/26 5:30,1.92
2024/11/26 5:45,1.87
2024/11/26 6:00,2.06
2024/11/26 6:15,2.25
2024/11/26 6:30,2.23
2024/11/26 6:45,2.58
2024/11/26 7:00,3.02
2024/11/26 7:15,3.56
2024/11/26 7:30,3.63
2024/11/26 7:45,4.18
2024/11/26 8:00,4.55
2024/11/26 8:15,5.03
2024/11/26 8:30,5.31
2024/11/26 8:45,5.31
2024/11/26 9:00,5.87
2024/11/26 9:15,5.59
2024/11/26 9:30,5.97
2024/11/26 9:45,5.69
2024/11/26 10:00,5.68
2024/11/26 10:15,5.51
2024/11/26 10:30,5.26
2024/11/26 10:45,5.04
2024/11/26 11:00,4.67
2024/11/26 11:15,4.38
2024/11/26 11:30,3.97
2024/11/26 11:45,3.36
2024/11/26 12:00,3.26
2024/11/26 12:15,2.83
2024/11/26 12:30,2.48
2024/11/26 12:45,2.38
2024/11/26 13:00,2.27
2024/11/26 13:15,2.16
2024/11/26 13:30,2.21
2024/11/26 13:45,2.24
2024/11/26 14:00,2.13
2024/11/26 14:15,2.24
2024/11/26 14:30,2.32
2024/11/26 14:45,2.61
2024/11/26 15:00,2.79
2024/11/26 15:15,2.98
2024/11/26 15:30,3.62
2024/11/26 15:45,3.55
2024/11/26 16:00,4.21
2024/11/26 16:15,4.16
2024/11/26 16:30,4.88
2024/11/26 16:45,5.36
2024/11/26 17:00,5.24
2024/11/26 17:15,5.91
2024/11/26 17:30,6.34
2024/11/26 17:45,6.58
2024/11/26 18:00,6.86
2024/11/26 18:15,7.03
2024/11/26 18:30,7.01
2024/11/26 18:45,7.62
2024/11/26 19:00,7.23
2024/11/26 19:15,7.33
2024/11/26 19:30,7.08
2024/11/26 19:45,6.68
2024/11/26 20:00,6.67
2024/11/26 20:15,6.34
2024/11/26 20:30,6.42
2024/11/26 20:45,5.85
2024/11/26 21:00,5.53
2024/11/26 21:15,5.11
2024/11/26 21:30,4.97
2024/11/26 21:45,4.57
2024/11/26 22:00,4.61
2024/11/26 22:15,4.35
2024/11/26 22:30,4.17
2024/11/26 22:45,4.43
2024/11/26 23:00,4.48
2024/11/26 23:15,4.77
2024/11/26 23:30,4.95
2024/11/26 23:45,5.66
2024/11/27 0:00,6.28
2024/11/27 0:15,7.02
2024/11/27 0:30,7.27
2024/11/27 0:45,8.22
2024/11/27 1:00,8.34
2024/11/27 1:15,8.26
2024/11/27 1:30,8.4
2024/11/27 1:45,8.58
2024/11/27 2:00,8.21
2024/11/27 2:15,7.53
2024/11/27 2:30,6.91
2024/11/27 2:45,6.0
2024/11/27 3:00,5.61
2024/11/27 3:15,4.52
2024/11/27 3:30,4.09
2024/11/27 3:45,3.53
2024/11/27 4:00,2.8
2024/11/27 4:15,2.51
2024/11/27 4:30,2.32
2024/11/27 4:45,1.86
2024/11/27 5:00,1.67
2024/11/27 5:15,1.64
2024/11/27 5:30,1.58
2024/11/27 5:45,1.68
2024/11/27 6:00,2.03
2024/11/27 6:15,2.16
2024/11/27 6:30,2.5
2024/11/27 6:45,2.54
2024/11/27 7:00,3.08
2024/11/27 7:15,3.61
2024/11/27 7:30,3.67
2024/11/27 7:45,4.21
2024/11/27 8:00,4.3
2024/11/27 8:15,4.72
2024/11/27 8:30,5.33
2024/11/27 8:45,5.42
2024/11/27 9:00,5.92
2024/11/27 9:15,5.83
2024/11/27 9:30,5.88
2024/11/27 9:45,5.61
2024/11/27 10:00,5.6
2024/11/27 10:15,5.36
2024/11/27 10:30,5.07
2024/11/27 10:45,5.04
2024/11/27 11:00,4.74
2024/11/27 11:15,4.32
2024/11/27 11:30,3.78
2024/11/27 11:45,3.6
2024/11/27 12:00,2.93
2024/11/27 12:15,3.11
2024/11/27 12:30,2.45
2024/11/27 12:45,2.25
2024/11/27 13:00,2.26
2024/11/27 13:15,2.15
2024/11/27 13:30,2.04
2024/11/27 13:45,1.87
2024/11/27 14:00,2.25
2024/11/27 14:15,1.91
2024/11/27 14:30,2.08
2024/11/27 14:45,2.48
2024/11/27 15:00,2.53
2024/11/27 15:15,3.17
2024/11/27 15:30,3.12
2024/11/27 15:45,3.86
2024/11/27 16:00,4.14
2024/11/27 16:15,4.55
2024/11/27 16:30,5.04
2024/11/27 16:45,5.15
2024/11/27 17:00,5.37
2024/11/27 17:15,5.87
2024/11/27 17:30,6.15
2024/11/27 17:45,6.43
2024/11/27 18:00,6.82
2024/11/27 18:15,6.97
2024/11/27 18:30,7.06
2024/11/27 18:45,7.23
2024/11/27 19:00,7.38
2024/11/27 19:15,7.41
2024/11/27 19:30,6.93
2024/11/27 19:45,6.97
2024/11/27 20:00,6.79
2024/11/27 20:15,6.38
2024/11/27 20:30,6.24
2024/11/27 20:45,5.96
2024/11/27 21:00,5.68
2024/11/27 21:15,5.28
2024/11/27 21:30,4.82
2024/11/27 21:45,4.98
2024/11/27 22:00,4.58
2024/11/27 22:15,4.39
2024/11/27 22:30,4.41
2024/11/27 22:45,4.34
2024/11/27 23:00,4.67
2024/11/27 23:15,4.78
2024/11/27 23:30,5.17
2024/11/27 23:45,5.76
2024/11/28 0:00,5.94
2024/11/28 0:15,6.19
2024/11/28 0:30,6.33
2024/11/28 0:45,6.6
2024/11/28 1:00,6.89
2024/11/28 1:15,7.16
2024/11/28 1:30,7.37
2024/11/28 1:45,7.23
2024/11/28 2:00,7.48
2024/11/28 2:15,7.27
2024/11/28 2:30,7.17
2024/11/28 2:45,7.06
2024/11/28 3:00,6.67
2024/11/28 3:15,6.34
2024/11/28 3:30,5.75
2024/11/28 3:45,5.62
2024/11/28 4:00,5.06
2024/11/28 4:15,4.55
2024/11/28 4:30,4.29
2024/11/28 4:45,4.13
2024/11/28 5:00,3.23
2024/11/28 5:15,2.99
2024/11/28 5:30,3.27
2024/11/28 5:45,2.73
2024/11/28 6:00,2.55
2024/11/28 6:15,2.41
2024/11/28 6:30,2.56
2024/11/28 6:45,2.77
2024/11/28 7:00,2.31
2024/11/28 7:15,2.47
2024/11/28 7:30,2.53
2024/11/28 7:45,2.83
2024/11/28 8:00,3.06
2024/11/28 8:15,3.3
2024/11/28 8:30,3.38
2024/11/28 8:45,3.87
2024/11/28 9:00,3.65
2024/11/28 9:15,3.87
2024/11/28 9:30,4.49
2024/11/28 9:45,4.57
2024/11/28 10:00,4.64
2024/11/28 10:15,5.1
2024/11/28 10:30,5.48
2024/11/28 10:45,5.65
2024/11/28 11:00,5.9
2024/11/28 11:15,6.31
2024/11/28 11:30,6.46
2024/11/28 11:45,6.99
2024/11/28 12:00,6.86
2024/11/28 12:15,7.39
2024/11/28 12:30,7.67
2024/11/28 12:45,7.76
2024/11/28 13:00,8.1
2024/11/28 13:15,7.85
2024/11/28 13:30,8.05
2024/11/28 13:45,8.17
2024/11/28 14:00,8.37
2024/11/28 14:15,8.3
2024/11/28 14:30,8.58
2024/11/28 14:45,8.1
2024/11/28 15:00,7.95
2024/11/28 15:15,8.36
2024/11/28 15:30,7.81
2024/11/28 15:45,8.06
2024/11/28 16:00,7.74
2024/11/28 16:15,7.53
2024/11/28 16:30,7.76
2024/11/28 16:45,7.94
2024/11/28 17:00,7.65
2024/11/28 17:15,7.97
2024/11/28 17:30,8.08
2024/11/28 17:45,7.87
2024/11/28 18:00,8.15
2024/11/28 18:15,8.54
2024/11/28 18:30,8.52
2024/11/28 18:45,8.48
2024/11/28 19:00,8.65
2024/11/28 19:15,8.52
2024/11/28 19:30,8.76
2024/11/28 19:45,8.69
2024/11/28 20:00,8.4
2024/11/28 20:15,8.21
2024/11/28 20:30,7.77
2024/11/28 20:45,7.41
2024/11/28 21:00,7.21
2024/11/28 21:15,6.89
2024/11/28 21:30,6.69
2024/11/28 21:45,6.32
2024/11/28 22:00,5.89
2024/11/28 22:15,5.77
2024/11/28 22:30,5.24
2024/11/28 22:45,5.41
2024/11/28 23:00,5.07
2024/11/28 23:15,5.4
2024/11/28 23:30,5.31
2024/11/28 23:45,5.18
2024/11/29 0:00,5.81
2024/11/29 0:15,6.08
2024/11/29 0:30,6.18
2024/11/29 0:45,6.47
2024/11/29 1:00,6.76
2024/11/29 1:15,6.72
2024/11/29 1:30,6.82
2024/11/29 1:45,7.46
2024/11/29 2:00,7.16
2024/11/29 2:15,7.5
2024/11/29 2:30,7.28
2024/11/29 2:45,7.09
2024/11/29 3:00,6.46
2024/11/29 3:15,5.96
2024/11/29 3:30,5.65
2024/11/29 3:45,5.32
2024/11/29 4:00,4.6
2024/11/29 4:15,4.46
2024/11/29 4:30,4.09
2024/11/29 4:45,3.55
2024/11/29 5:00,3.25
2024/11/29 5:15,3.08
2024/11/29 5:30,2.92
2024/11/29 5:45,2.54
2024/11/29 6:00,2.57
2024/11/29 6:15,2.45
2024/11/29 6:30,2.39
2024/11/29 6:45,2.28
2024/11/29 7:00,2.21
2024/11/29 7:15,2.74
2024/11/29 7:30,2.68
2024/11/29 7:45,2.87
2024/11/29 8:00,2.86
2024/11/29 8:15,3.04
2024/11/29 8:30,3.34
2024/11/29 8:45,3.22
2024/11/29 9:00,3.57
2024/11/29 9:15,3.88
2024/11/29 9:30,4.2
2024/11/29 9:45,4.42
2024/11/29 10:00,4.9
2024/11/29 10:15,5.16
2024/11/29 10:30,5.66
2024/11/29 10:45,6.12
2024/11/29 11:00,5.86
2024/11/29 11:15,6.36
2024/11/29 11:30,6.65
2024/11/29 11:45,6.89
2024/11/29 12:00,6.98
2024/11/29 12:15,7.24
2024/11/29 12:30,7.63
2024/11/29 12:45,7.63
2024/11/29 13:00,7.96
2024/11/29 13:15,8.02
2024/11/29 13:30,8.18
2024/11/29 13:45,8.08
2024/11/29 14:00,8.28
2024/11/29 14:15,8.14
2024/11/29 14:30,8.28
2024/11/29 14:45,8.42
2024/11/29 15:00,8.2
2024/11/29 15:15,8.14
2024/11/29 15:30,8.15
2024/11/29 15:45,7.74
2024/11/29 16:00,8.15
2024/11/29 16:15,7.68
2024/11/29 16:30,7.95
2024/11/29 16:45,7.92
2024/11/29 17:00,7.7
2024/11/29 17:15,8.04
2024/11/29 17:30,8.04
2024/11/29 17:45,8.35
2024/11/29 18:00,8.21
2024/11/29 18:15,8.29
2024/11/29 18:30,8.34
2024/11/29 18:45,8.26
2024/11/29 19:00,8.54
2024/11/29 19:15,8.58
2024/11/29 19:30,8.64
2024/11/29 19:45,8.3
2024/11/29 20:00,8.34
2024/11/29 20:15,8.26
2024/11/29 20:30,8.02
2024/11/29 20:45,7.33
2024/11/29 21:00,7.37
2024/11/29 21:15,6.86
2024/11/29 21:30,6.51
2024/11/29 21:45,5.83
2024/11/29 22:00,6.09
2024/11/29 22:15,5.62
2024/11/29 22:30,5.15
2024/11/29 22:45,5.3
2024/11/29 23:00,5.24
2024/11/29 23:15,5.4
2024/11/29 23:30,5.27
2024/11/29 23:45,5.48
2024/11/30 0:00,6.13
2024/11/30 0:15,6.91
2024/11/30 0:30,7.27
2024/11/30 0:45,7.75
2024/11/30 1:00,8.25
2024/11/30 1:15,8.3
2024/11/30 1:30,8.76
2024/11/30 1:45,8.66
2024/11/30 2:00,7.96
2024/11/30 2:15,7.31
2024/11/30 2:30,6.94
2024/11/30 2:45,6.1
2024/11/30 3:00,5.59
2024/11/30 3:15,4.55
2024/11/30 3:30,4.04
2024/11/30 3:45,3.35
2024/11/30 4:00,2.69
2024/11/30 4:15,2.4
2024/11/30 4:30,2.17
2024/11/30 4:45,1.83
2024/11/30 5:00,1.71
2024/11/30 5:15,1.52
2024/11/30 5:30,1.86
2024/11/30 5:45,1.95
2024/11/30 6:00,1.9
2024/11/30 6:15,2.17
2024/11/30 6:30,2.66
2024/11/30 6:45,2.59
2024/11/30 7:00,3.19
2024/11/30 7:15,3.38
2024/11/30 7:30,4.1
2024/11/30 7:45,4.22
2024/11/30 8:00,4.76
2024/11/30 8:15,4.8
2024/11/30 8:30,5.03
2024/11/30 8:45,5.43
2024/11/30 9:00,5.69
2024/11/30 9:15,5.69
2024/11/30 9:30,5.92
2024/11/30 9:45,5.74
2024/11/30 10:00,5.34
2024/11/30 10:15,5.56
2024/11/30 10:30,5.1
2024/11/30 10:45,4.89
2024/11/30 11:00,4.85
2024/11/30 11:15,4.53
2024/11/30 11:30,3.82
2024/11/30 11:45,3.64
2024/11/30 12:00,3.14
2024/11/30 12:15,2.87
2024/11/30 12:30,2.55
2024/11/30 12:45,2.16
2024/11/30 13:00,2.26
2024/11/30 13:15,2.17
2024/11/30 13:30,1.95
2024/11/30 13:45,2.2
2024/11/30 14:00,2.01
2024/11/30 14:15,2.07
2024/11/30 14:30,2.39
2024/11/30 14:45,2.26
2024/11/30 15:00,2.86
2024/11/30 15:15,2.93
2024/11/30 15:30,3.44
2024/11/30 15:45,3.82
2024/11/30 16:00,4.09
2024/11/30 16:15,4.24
2024/11/30 16:30,4.57
2024/11/30 16:45,4.93
2024/11/30 17:00,5.69
2024/11/30 17:15,5.87
2024/11/30 17:30,6.14
2024/11/30 17:45,6.52
2024/11/30 18:00,6.96
2024/11/30 18:15,7.13
2024/11/30 18:30,7.24
2024/11/30 18:45,7.36
2024/11/30 19:00,7.33
2024/11/30 19:15,7.31
2024/11/30 19:30,7.21
2024/11/30 19:45,7.02
2024/11/30 20:00,6.92
2024/11/30 20:15,6.61
2024/11/30 20:30,6.13
2024/11/30 20:45,6.02
2024/11/30 21:00,5.64
2024/11/30 21:15,5.36
2024/11/30 21:30,4.94
2024/11/30 21:45,4.8
2024/11/30 22:00,4.45
2024/11/30 22:15,4.42
2024/11/30 22:30,4.19
2024/11/30 22:45,4.25
2024/11/30 23:00,4.57
2024/11/30 23:15,4.72
2024/11/30 23:30,5.5
2024/11/30 23:45,5.75
2024/12/1 0:00,6.23
2024/12/1 0:15,6.94
2024/12/1 0:30,7.31
2024/12/1 0:45,8.02
2024/12/1 1:00,8.39
2024/12/1 1:15,8.67
2024/12/1 1:30,8.46
2024/12/1 1:45,8.19
2024/12/1 2:00,7.94
2024/12/1 2:15,7.48
2024/12/1 2:30,7.14
2024/12/1 2:45,6.5
2024/12/1 3:00,5.46
2024/12/1 3:15,4.66
2024/12/1 3:30,3.91
2024/12/1 3:45,3.45
2024/12/1 4:00,3.12
2024/12/1 4:15,2.63
2024/12/1 4:30,2.21
2024/12/1 4:45,1.99
2024/12/1 5:00,1.82
2024/12/1 5:15,1.65
2024/12/1 5:30,1.58
2024/12/1 5:45,1.8
2024/12/1 6:00,2.03
2024/12/1 6:15,1.97
2024/12/1 6:30,2.43
2024/12/1 6:45,2.64
2024/12/1 7:00,3.25
2024/12/1 7:15,3.38
2024/12/1 7:30,3.88
2024/12/1 7:45,4.11
2024/12/1 8:00,4.81
2024/12/1 8:15,4.66
2024/12/1 8:30,5.28
2024/12/1 8:45,5.27
2024/12/1 9:00,5.57
2024/12/1 9:15,5.8
2024/12/1 9:30,5.84
2024/12/1 9:45,5.8
2024/12/1 10:00,5.68
2024/12/1 10:15,5.38
2024/12/1 10:30,5.21
2024/12/1 10:45,4.95
2024/12/1 11:00,4.64
2024/12/1 11:15,4.25
2024/12/1 11:30,4.01
2024/12/1 11:45,3.57
2024/12/1 12:00,3.25
2024/12/1 12:15,2.86
2024/12/1 12:30,2.49
2024/12/1 12:45,2.44
2024/12/1 13:00,2.43
2024/12/1 13:15,2.19
2024/12/1 13:30,1.93
2024/12/1 13:45,2.16
2024/12/1 14:00,2.03
2024/12/1 14:15,2.27
2024/12/1 14:30,2.25
2024/12/1 14:45,2.54
2024/12/1 15:00,2.64
2024/12/1 15:15,2.92
2024/12/1 15:30,3.06
2024/12/1 15:45,3.71
2024/12/1 16:00,4.04
2024/12/1 16:15,4.43
2024/12/1 16:30,4.79
2024/12/1 16:45,5.03
2024/12/1 17:00,5.67
2024/12/1 17:15,6.04
2024/12/1 17:30,6.11
2024/12/1 17:45,6.62
2024/12/1 18:00,6.93
2024/12/1 18:15,6.94
2024/12/1 18:30,7.13
2024/12/1 18:45,7.35
2024/12/1 19:00,7.07
2024/12/1 19:15,7.11
2024/12/1 19:30,7.03
2024/12/1 19:45,6.75
2024/12/1 20:00,6.97
2024/12/1 20:15,6.25
2024/12/1 20:30,6.31
2024/12/1 20:45,6.06
2024/12/1 21:00,5.56
2024/12/1 21:15,5.17
2024/12/1 21:30,4.99
2024/12/1 21:45,4.68
2024/12/1 22:00,4.61
2024/12/1 22:15,3.92
2024/12/1 22:30,4.12
2024/12/1 22:45,4.39
2024/12/1 23:00,4.48
2024/12/1 23:15,4.88
2024/12/1 23:30,5.21
2024/12/1 23:45,5.65
2024/12/2 0:00,6.18
2024/12/2 0:15,7.17
2024/12/2 0:30,7.61
2024/12/2 0:45,7.95
2024/12/2 1:00,8.27
2024/12/2 1:15,8.56
2024/12/2 1:30,8.65
2024/12/2 1:45,8.43
2024/12/2 2:00,7.92
2024/12/2 2:15,7.79
2024/12/2 2:30,6.93
2024/12/2 2:45,6.47
2024/12/2 3:00,5.44
2024/12/2 3:15,4.63
2024/12/2 3:30,4.17
2024/12/2 3:45,3.37
2024/12/2 4:00,2.81
2024/12/2 4:15,2.18
2024/12/2 4:30,2.14
2024/12/2 4:45,1.74
2024/12/2 5:00,1.63
2024/12/2 5:15,1.58
2024/12/2 5:30,1.76
2024/12/2 5:45,1.57
2024/12/2 6:00,1.93
2024/12/2 6:15,2.33
2024/12/2 6:30,2.27
2024/12/2 6:45,2.79
2024/12/2 7:00,3.0
2024/12/2 7:15,3.4
2024/12/2 7:30,4.08
2024/12/2 7:45,3.96
2024/12/2 8:00,4.69
2024/12/2 8:15,4.84
2024/12/2 8:30,5.13
2024/12/2 8:45,5.3
2024/12/2 9:00,5.76
2024/12/2 9:15,5.74
2024/12/2 9:30,5.76
2024/12/2 9:45,5.78
2024/12/2 10:00,5.63
2024/12/2 10:15,5.17
2024/12/2 10:30,5.16
2024/12/2 10:45,5.08
2024/12/2 11:00,4.39
2024/12/2 11:15,4.1
2024/12/2 11:30,3.84
2024/12/2 11:45,3.44
2024/12/2 12:00,3.21
2024/12/2 12:15,2.75
2024/12/2 12:30,2.59
2024/12/2 12:45,2.41
2024/12/2 13:00,2.34
2024/12/2 13:15,2.31
2024/12/2 13:30,2.02
2024/12/2 13:45,2.32
2024/12/2 14:00,2.05
2024/12/2 14:15,2.29
2024/12/2 14:30,2.6
2024/12/2 14:45,2.51
2024/12/2 15:00,2.52
2024/12/2 15:15,3.0
2024/12/2 15:30,3.2
2024/12/2 15:45,3.59
2024/12/2 16:00,4.29
2024/12/2 16:15,4.18
2024/12/2 16:30,4.8
2024/12/2 16:45,5.01
2024/12/2 17:00,5.48
2024/12/2 17:15,6.0
2024/12/2 17:30,6.28
2024/12/2 17:45,6.5
2024/12/2 18:00,6.7
2024/12/2 18:15,7.06
2024/12/2 18:30,7.43
2024/12/2 18:45,7.13
2024/12/2 19:00,7.59
2024/12/2 19:15,7.45
2024/12/2 19:30,7.38
2024/12/2 19:45,7.07
2024/12/2 20:00,6.98
2024/12/2 20:15,6.4
2024/12/2 20:30,6.16
2024/12/2 20:45,6.05
2024/12/2 21:00,5.65
2024/12/2 21:15,5.25
2024/12/2 21:30,4.58
2024/12/2 21:45,4.61
2024/12/2 22:00,4.28
2024/12/2 22:15,4.38
2024/12/2 22:30,4.23
2024/12/2 22:45,4.21
2024/12/2 23:00,4.87
2024/12/2 23:15,4.92
2024/12/2 23:30,5.33
2024/12/2 23:45,6.0
2024/12/3 0:00,6.35
2024/12/3 0:15,6.7
2024/12/3 0:30,7.25
2024/12/3 0:45,8.03
2024/12/3 1:00,7.95
2024/12/3 1:15,8.47
2024/12/3 1:30,8.2
2024/12/3 1:45,8.38
2024/12/3 2:00,8.16
2024/12/3 2:15,7.56
2024/12/3 2:30,7.03
2024/12/3 2:45,6.46
2024/12/3 3:00,5.39
2024/12/3 3:15,5.08
2024/12/3 3:30,3.99
2024/12/3 3:45,3.47
2024/12/3 4:00,2.7
2024/12/3 4:15,2.61
2024/12/3 4:30,2.2
2024/12/3 4:45,2.04
2024/12/3 5:00,1.7
2024/12/3 5:15,1.47
2024/12/3 5:30,1.76
2024/12/3 5:45,1.54
2024/12/3 6:00,1.91
2024/12/3 6:15,2.21
2024/12/3 6:30,2.81
2024/12/3 6:45,2.81
2024/12/3 7:00,3.12
2024/12/3 7:15,3.45
2024/12/3 7:30,3.63
2024/12/3 7:45,4.22
2024/12/3 8:00,4.59
2024/12/3 8:15,4.77
2024/12/3 8:30,5.04
2024/12/3 8:45,5.39
2024/12/3 9:00,5.66
2024/12/3 9:15,5.7
2024/12/3 9:30,5.65
2024/12/3 9:45,5.81
2024/12/3 10:00,5.74
2024/12/3 10:15,5.49
2024/12/3 10:30,5.15
2024/12/3 10:45,5.03
2024/12/3 11:00,4.58
2024/12/3 11:15,4.08
2024/12/3 11:30,4.06
2024/12/3 11:45,3.61
2024/12/3 12:00,3.2
2024/12/3 12:15,2.68
2024/12/3 12:30,2.53
2024/12/3 12:45,2.72
2024/12/3 13:00,2.02
2024/12/3 13:15,2.09
2024/12/3 13:30,2.05
2024/12/3 13:45,2.09
2024/12/3 14:00,1.85
2024/12/3 14:15,2.19
2024/12/3 14:30,2.05
2024/12/3 14:45,2.51
2024/12/3 15:00,2.62
2024/12/3 15:15,2.86
2024/12/3 15:30,3.42
2024/12/3 15:45,3.59
2024/12/3 16:00,4.06
2024/12/3 16:15,4.44
2024/12/3 16:30,4.94
2024/12/3 16:45,4.96
2024/12/3 17:00,5.66
2024/12/3 17:15,5.89
2024/12/3 17:30,6.17
2024/12/3 17:45,6.36
2024/12/3 18:00,6.89
2024/12/3 18:15,6.88
2024/12/3 18:30,7.25
2024/12/3 18:45,7.56
2024/12/3 19:00,7.45
2024/12/3 19:15,7.48
2024/12/3 19:30,7.07
2024/12/3 19:45,7.13
2024/12/3 20:00,6.64
2024/12/3 20:15,6.52
2024/12/3 20:30,6.52
2024/12/3 20:45,5.85
2024/12/3 21:00,5.77
2024/12/3 21:15,5.42
2024/12/3 21:30,5.12
2024/12/3 21:45,4.49
2024/12/3 22:00,4.54
2024/12/3 22:15,4.29
2024/12/3 22:30,4.42
2024/12/3 22:45,4.06
2024/12/3 23:00,4.53
2024/12/3 23:15,4.8
2024/12/3 23:30,4.87
2024/12/3 23:45,5.53
2024/12/4 0:00,5.95
2024/12/4 0:15,6.71
2024/12/4 0:30,7.47
2024/12/4 0:45,7.91
2024/12/4 1:00,8.29
2024/12/4 1:15,8.33
2024/12/4 1:30,8.69
2024/12/4 1:45,8.37
2024/12/4 2:00,8.03
2024/12/4 2:15,7.66
2024/12/4 2:30,6.74
2024/12/4 2:45,6.2
2024/12/4 3:00,5.48
2024/12/4 3:15,4.58
2024/12/4 3:30,4.06
2024/12/4 3:45,3.4
2024/12/4 4:00,2.78
2024/12/4 4:15,2.34
2024/12/4 4:30,2.12
2024/12/4 4:45,1.94
2024/12/4 5:00,1.7
2024/12/4 5:15,1.82
2024/12/4 5:30,1.79
2024/12/4 5:45,1.53
2024/12/4 6:00,1.75
2024/12/4 6:15,2.36
2024/12/4 6:30,2.42
2024/12/4 6:45,2.78
2024/12/4 7:00,3.27
2024/12/4 7:15,3.46
2024/12/4 7:30,3.84
2024/12/4 7:45,4.08
2024/12/4 8:00,4.63
2024/12/4 8:15,5.0
2024/12/4 8:30,5.13
2024/12/4 8:45,5.32
2024/12/4 9:00,6.04
2024/12/4 9:15,5.75
2024/12/4 9:30,5.7
2024/12/4 9:45,5.87
2024/12/4 10:00,5.65
2024/12/4 10:15,5.31
2024/12/4 10:30,5.31
2024/12/4 10:45,4.81
2024/12/4 11:00,4.85
2024/12/4 11:15,4.34
2024/12/4 11:30,3.86
2024/12/4 11:45,3.57
2024/12/4 12:00,3.35
2024/12/4 12:15,2.94
2024/12/4 12:30,2.96
2024/12/4 12:45,2.59
2024/12/4 13:00,2.32
2024/12/4 13:15,1.98
2024/12/4 13:30,2.03
2024/12/4 13:45,2.11
2024/12/4 14:00,1.95
2024/12/4 14:15,2.36
2024/12/4 14:30,2.16
2024/12/4 14:45,2.4
2024/12/4 15:00,2.64
2024/12/4 15:15,3.1
2024/12/4 15:30,3.17
2024/12/4 15:45,3.36
2024/12/4 16:00,4.15
2024/12/4 16:15,4.3
2024/12/4 16:30,4.59
2024/12/4 16:45,5.03
2024/12/4 17:00,5.78
2024/12/4 17:15,5.79
2024/12/4 17:30,6.21
2024/12/4 17:45,6.47
2024/12/4 18:00,6.62
2024/12/4 18:15,6.9
2024/12/4 18:30,6.98
2024/12/4 18:45,7.41
2024/12/4 19:00,7.32
2024/12/4 19:15,7.64
2024/12/4 19:30,7.07
2024/12/4 19:45,6.89
2024/12/4 20:00,7.04
2024/12/4 20:15,6.71
2024/12/4 20:30,6.32
2024/12/4 20:45,5.77
2024/12/4 21:00,5.87
2024/12/4 21:15,5.26
2024/12/4 21:30,4.89
2024/12/4 21:45,4.85
2024/12/4 22:00,4.45
2024/12/4 22:15,4.13
2024/12/4 22:30,4.26
2024/12/4 22:45,4.19
2024/12/4 23:00,4.03
2024/12/4 23:15,4.63
2024/12/4 23:30,5.09
2024/12/4 23:45,5.49
2024/12/5 0:00,5.79
2024/12/5 0:15,5.85
2024/12/5 0:30,6.32
2024/12/5 0:45,6.34
2024/12/5 1:00,6.92
2024/12/5 1:15,6.82
2024/12/5 1:30,6.82
2024/12/5 1:45,7.45
2024/12/5 2:00,7.15
2024/12/5 2:15,7.48
2024/12/5 2:30,7.16
2024/12/5 2:45,6.97
2024/12/5 3:00,6.71
2024/12/5 3:15,6.22
2024/12/5 3:30,5.83
2024/12/5 3:45,5.58
2024/12/5 4:00,4.98
2024/12/5 4:15,4.42
2024/12/5 4:30,4.21
2024/12/5 4:45,3.43
2024/12/5 5:00,3.6
2024/12/5 5:15,3.31
2024/12/5 5:30,3.04
2024/12/5 5:45,2.84
2024/12/5 6:00,2.51
2024/12/5 6:15,2.41
2024/12/5 6:30,2.2
2024/12/5 6:45,2.64
2024/12/5 7:00,2.34
2024/12/5 7:15,2.53
2024/12/5 7:30,2.62
2024/12/5 7:45,2.52
2024/12/5 8:00,2.62
2024/12/5 8:15,3.06
2024/12/5 8:30,3.2
2024/12/5 8:45,3.48
2024/12/5 9:00,3.9
2024/12/5 9:15,4.03
2024/12/5 9:30,4.38
2024/12/5 9:45,4.62
2024/12/5 10:00,4.8
2024/12/5 10:15,4.99
2024/12/5 10:30,5.49
2024/12/5 10:45,5.76
2024/12/5 11:00,6.19
2024/12/5 11:15,6.32
2024/12/5 11:30,6.58
2024/12/5 11:45,6.86
2024/12/5 12:00,7.01
2024/12/5 12:15,7.6
2024/12/5 12:30,7.76
2024/12/5 12:45,7.59
2024/12/5 13:00,8.05
2024/12/5 13:15,7.78
2024/12/5 13:30,8.3
2024/12/5 13:45,8.12
2024/12/5 14:00,8.32
2024/12/5 14:15,7.98
2024/12/5 14:30,8.07
2024/12/5 14:45,8.29
2024/12/5 15:00,8.06
2024/12/5 15:15,7.97
2024/12/5 15:30,8.23
2024/12/5 15:45,8.28
2024/12/5 16:00,8.03
2024/12/5 16:15,7.68
2024/12/5 16:30,8.08
2024/12/5 16:45,7.58
2024/12/5 17:00,7.79
2024/12/5 17:15,7.89
2024/12/5 17:30,8.25
2024/12/5 17:45,8.2
2024/12/5 18:00,8.11
2024/12/5 18:15,8.16
2024/12/5 18:30,8.57
2024/12/5 18:45,8.44
2024/12/5 19:00,8.62
2024/12/5 19:15,8.41
2024/12/5 19:30,8.68
2024/12/5 19:45,8.59
2024/12/5 20:00,8.19
2024/12/5 20:15,8.33
2024/12/5 20:30,8.0
2024/12/5 20:45,7.72
2024/12/5 21:00,7.21
2024/12/5 21:15,6.93
2024/12/5 21:30,6.54
2024/12/5 21:45,6.16
2024/12/5 22:00,5.89
2024/12/5 22:15,5.78
2024/12/5 22:30,5.54
2024/12/5 22:45,5.07
2024/12/5 23:00,5.34
2024/12/5 23:15,5.39
2024/12/5 23:30,5.29
2024/12/5 23:45,5.56
2024/12/6 0:00,5.78
2024/12/6 0:15,5.84
2024/12/6 0:30,6.19
2024/12/6 0:45,6.64
2024/12/6 1:00,6.71
2024/12/6 1:15,7.15
2024/12/6 1:30,7.37
2024/12/6 1:45,7.44
2024/12/6 2:00,7.58
2024/12/6 2:15,7.21
2024/12/6 2:30,7.1
2024/12/6 2:45,6.9
2024/12/6 3:00,6.55
2024/12/6 3:15,6.29
2024/12/6 3:30,5.55
2024/12/6 3:45,5.42
2024/12/6 4:00,4.75
2024/12/6 4:15,4.39
2024/12/6 4:30,4.23
2024/12/6 4:45,3.71
2024/12/6 5:00,3.51
2024/12/6 5:15,3.08
2024/12/6 5:30,3.03
2024/12/6 5:45,2.63
2024/12/6 6:00,2.23
2024/12/6 6:15,2.46
2024/12/6 6:30,2.06
2024/12/6 6:45,2.16
2024/12/6 7:00,2.28
2024/12/6 7:15,2.33
2024/12/6 7:30,2.5
2024/12/6 7:45,2.56
2024/12/6 8:00,2.67
2024/12/6 8:15,3.29
2024/12/6 8:30,3.17
2024/12/6 8:45,3.16
2024/12/6 9:00,3.68
2024/12/6 9:15,3.83
2024/12/6 9:30,4.14
2024/12/6 9:45,4.66
2024/12/6 10:00,4.78
2024/12/6 10:15,4.97
2024/12/6 10:30,5.51
2024/12/6 10:45,5.92
2024/12/6 11:00,6.13
2024/12/6 11:15,5.97
2024/12/6 11:30,6.46
2024/12/6 11:45,6.9
2024/12/6 12:00,7.11
2024/12/6 12:15,7.33
2024/12/6 12:30,7.44
2024/12/6 12:45,7.56
2024/12/6 13:00,8.23
2024/12/6 13:15,8.06
2024/12/6 13:30,8.25
2024/12/6 13:45,8.22
2024/12/6 14:00,8.27
2024/12/6 14:15,8.26
2024/12/6 14:30,8.09
2024/12/6 14:45,7.99
2024/12/6 15:00,8.22
2024/12/6 15:15,8.12
2024/12/6 15:30,8.16
2024/12/6 15:45,8.06
2024/12/6 16:00,7.77
2024/12/6 16:15,8.01
2024/12/6 16:30,7.93
2024/12/6 16:45,7.91
2024/12/6 17:00,8.17
2024/12/6 17:15,8.19
2024/12/6 17:30,8.07
2024/12/6 17:45,8.15
2024/12/6 18:00,8.34
2024/12/6 18:15,8.22
2024/12/6 18:30,8.33
2024/12/6 18:45,8.62
2024/12/6 19:00,8.46
2024/12/6 19:15,8.71
2024/12/6 19:30,8.62
2024/12/6 19:45,8.39
2024/12/6 20:00,8.38
2024/12/6 20:15,8.37
2024/12/6 20:30,7.93
2024/12/6 20:45,7.62
2024/12/6 21:00,7.31
2024/12/6 21:15,6.97
2024/12/6 21:30,6.48
2024/12/6 21:45,6.23
2024/12/6 22:00,5.7
2024/12/6 22:15,5.47
2024/12/6 22:30,5.28
2024/12/6 22:45,5.32
2024/12/6 23:00,5.21
2024/12/6 23:15,5.19
2024/12/6 23:30,5.42
2024/12/6 23:45,5.54
2024/12/7 0:00,6.19
2024/12/7 0:15,6.66
2024/12/7 0:30,7.26
2024/12/7 0:45,7.66
2024/12/7 1:00,8.28
2024/12/7 1:15,8.35
2024/12/7 1:30,8.45
2024/12/7 1:45,8.35
2024/12/7 2:00,8.18
2024/12/7 2:15,7.66
2024/12/7 2:30,6.88
2024/12/7 2:45,6.36
2024/12/7 3:00,5.11
2024/12/7 3:15,4.95
2024/12/7 3:30,4.06
2024/12/7 3:45,3.34
2024/12/7 4:00,2.66
2024/12/7 4:15,2.3
2024/12/7 4:30,2.13
2024/12/7 4:45,1.91
2024/12/7 5:00,1.79
2024/12/7 5:15,1.54
2024/12/7 5:30,1.55
2024/12/7 5:45,1.83
2024/12/7 6:00,2.08
2024/12/7 6:15,2.19
2024/12/7 6:30,2.67
2024/12/7 6:45,2.76
2024/12/7 7:00,3.1
2024/12/7 7:15,3.56
2024/12/7 7:30,4.02
2024/12/7 7:45,4.01
2024/12/7 8:00,4.41
2024/12/7 8:15,4.87
2024/12/7 8:30,5.69
2024/12/7 8:45,5.42
2024/12/7 9:00,5.63
2024/12/7 9:15,5.86
2024/12/7 9:30,5.95
2024/12/7 9:45,5.79
2024/12/7 10:00,5.83
2024/12/7 10:15,5.3
2024/12/7 10:30,5.12
2024/12/7 10:45,5.12
2024/12/7 11:00,4.61
2024/12/7 11:15,4.07
2024/12/7 11:30,3.71
2024/12/7 11:45,3.43
2024/12/7 12:00,3.22
2024/12/7 12:15,2.98
2024/12/7 12:30,2.6
2024/12/7 12:45,2.48
2024/12/7 13:00,2.18
2024/12/7 13:15,2.31
2024/12/7 13:30,2.44
2024/12/7 13:45,1.98
2024/12/7 14:00,2.15
2024/12/7 14:15,2.23
2024/12/7 14:30,2.33
2024/12/7 14:45,2.59
2024/12/7 15:00,2.79
2024/12/7 15:15,2.92
2024/12/7 15:30,3.49
2024/12/7 15:45,3.66
2024/12/7 16:00,3.93
2024/12/7 16:15,4.73
2024/12/7 16:30,4.74
2024/12/7 16:45,5.18
2024/12/7 17:00,5.55
2024/12/7 17:15,5.87
2024/12/7 17:30,6.3
2024/12/7 17:45,6.41
2024/12/7 18:00,6.89
2024/12/7 18:15,6.75
2024/12/7 18:30,6.98
2024/12/7 18:45,7.54
2024/12/7 19:00,7.11
2024/12/7 19:15,6.97
2024/12/7 19:30,6.99
2024/12/7 19:45,7.28
2024/12/7 20:00,6.54
2024/12/7 20:15,6.41
2024/12/7 20:30,6.04
2024/12/7 20:45,5.9
2024/12/7 21:00,5.54
2024/12/7 21:15,5.2
2024/12/7 21:30,5.24
2024/12/7 21:45,4.5
2024/12/7 22:00,4.44
2024/12/7 22:15,4.36
2024/12/7 22:30,4.11
2024/12/7 22:45,4.38
2024/12/7 23:00,4.42
2024/12/7 23:15,4.82
2024/12/7 23:30,5.15
2024/12/7 23:45,5.36
2024/12/8 0:00,6.42
2024/12/8 0:15,7.13
2024/12/8 0:30,7.36
2024/12/8 0:45,7.75
2024/12/8 1:00,8.49
2024/12/8 1:15,8.77
2024/12/8 1:30,8.5
2024/12/8 1:45,8.34
2024/12/8 2:00,8.02
2024/12/8 2:15,7.27
2024/12/8 2:30,6.85
2024/12/8 2:45,6.43
2024/12/8 3:00,5.39
2024/12/8 3:15,4.51
2024/12/8 3:30,4.03
2024/12/8 3:45,3.23
2024/12/8 4:00,2.78
2024/12/8 4:15,2.17
2024/12/8 4:30,1.88
2024/12/8 4:45,1.93
2024/12/8 5:00,1.71
2024/12/8 5:15,1.54
2024/12/8 5:30,1.71
2024/12/8 5:45,1.71
2024/12/8 6:00,1.85
2024/12/8 6:15,2.36
2024/12/8 6:30,2.57
2024/12/8 6:45,2.76
2024/12/8 7:00,3.12
2024/12/8 7:15,3.46
2024/12/8 7:30,3.91
2024/12/8 7:45,4.09
2024/12/8 8:00,4.7
2024/12/8 8:15,4.97
2024/12/8 8:30,5.17
2024/12/8 8:45,5.39
2024/12/8 9:00,5.77
2024/12/8 9:15,5.74
2024/12/8 9:30,5.7
2024/12/8 9:45,5.71
2024/12/8 10:00,5.77
2024/12/8 10:15,5.23
2024/12/8 10:30,5.18
2024/12/8 10:45,5.1
2024/12/8 11:00,4.59
2024/12/8 11:15,4.3
2024/12/8 11:30,4.07
2024/12/8 11:45,3.69
2024/12/8 12:00,3.15
2024/12/8 12:15,2.89
2024/12/8 12:30,2.78
2024/12/8 12:45,2.56
2024/12/8 13:00,2.23
2024/12/8 13:15,2.12
2024/12/8 13:30,2.09
2024/12/8 13:45,2.24
2024/12/8 14:00,2.24
2024/12/8 14:15,2.27
2024/12/8 14:30,2.14
2024/12/8 14:45,2.45
2024/12/8 15:00,2.69
2024/12/8 15:15,3.2
2024/12/8 15:30,3.26
2024/12/8 15:45,3.82
2024/12/8 16:00,3.9
2024/12/8 16:15,4.29
2024/12/8 16:30,4.83
2024/12/8 16:45,5.38
2024/12/8 17:00,5.49
2024/12/8 17:15,5.51
2024/12/8 17:30,6.0
2024/12/8 17:45,6.58
2024/12/8 18:00,6.58
2024/12/8 18:15,6.88
2024/12/8 18:30,7.17
2024/12/8 18:45,6.9
2024/12/8 19:00,7.24
2024/12/8 19:15,7.09
2024/12/8 19:30,6.95
2024/12/8 19:45,6.9
2024/12/8 20:00,6.65
2024/12/8 20:15,6.62
2024/12/8 20:30,6.44
2024/12/8 20:45,5.88
2024/12/8 21:00,5.51
2024/12/8 21:15,5.21
2024/12/8 21:30,4.79
2024/12/8 21:45,4.49
2024/12/8 22:00,4.21
2024/12/8 22:15,4.11
2024/12/8 22:30,4.5
2024/12/8 22:45,4.2
2024/12/8 23:00,4.04
2024/12/8 23:15,4.68
2024/12/8 23:30,4.93
2024/12/8 23:45,5.68
2024/12/9 0:00,6.22
2024/12/9 0:15,6.82
2024/12/9 0:30,7.38
2024/12/9 0:45,7.82
2024/12/9 1:00,8.04
2024/12/9 1:15,8.47
2024/12/9 1:30,8.68
2024/12/9 1:45,8.64
2024/12/9 2:00,7.99
2024/12/9 2:15,7.5
2024/12/9 2:30,6.96
2024/12/9 2:45,6.39
2024/12/9 3:00,5.34
2024/12/9 3:15,4.77
2024/12/9 3:30,3.84
2024/12/9 3:45,3.38
2024/12/9 4:00,2.94
2024/12/9 4:15,2.17
2024/12/9 4:30,1.96
2024/12/9 4:45,1.96
2024/12/9 5:00,1.79
2024/12/9 5:15,1.81
2024/12/9 5:30,1.82
2024/12/9 5:45,1.75
2024/12/9 6:00,2.29
2024/12/9 6:15,2.21
2024/12/9 6:30,1.99
2024/12/9 6:45,2.72
2024/12/9 7:00,3.03
2024/12/9 7:15,3.58
2024/12/9 7:30,3.77
2024/12/9 7:45,4.38
2024/12/9 8:00,4.66
2024/12/9 8:15,4.76
2024/12/9 8:30,5.19
2024/12/9 8:45,5.35
2024/12/9 9:00,5.68
2024/12/9 9:15,5.65
2024/12/9 9:30,5.82
2024/12/9 9:45,5.73
2024/12/9 10:00,5.63
2024/12/9 10:15,5.78
2024/12/9 10:30,5.18
2024/12/9 10:45,4.65
2024/12/9 11:00,4.77
2024/12/9 11:15,4.41
2024/12/9 11:30,3.61
2024/12/9 11:45,3.45
2024/12/9 12:00,3.28
2024/12/9 12:15,2.99
2024/12/9 12:30,2.64
2024/12/9 12:45,2.42
2024/12/9 13:00,2.11
2024/12/9 13:15,1.76
2024/12/9 13:30,2.36
2024/12/9 13:45,1.89
2024/12/9 14:00,2.1
2024/12/9 14:15,2.14
2024/12/9 14:30,2.44
2024/12/9 14:45,2.51
2024/12/9 15:00,2.74
2024/12/9 15:15,2.6
2024/12/9 15:30,3.17
2024/12/9 15:45,3.74
2024/12/9 16:00,4.09
2024/12/9 16:15,4.22
2024/12/9 16:30,4.52
2024/12/9 16:45,5.16
2024/12/9 17:00,5.09
2024/12/9 17:15,5.72
2024/12/9 17:30,6.49
2024/12/9 17:45,6.75
2024/12/9 18:00,6.87
2024/12/9 18:15,7.06
2024/12/9 18:30,6.88
2024/12/9 18:45,7.16
2024/12/9 19:00,7.26
2024/12/9 19:15,7.16
2024/12/9 19:30,7.12
2024/12/9 19:45,7.21
2024/12/9 20:00,6.73
2024/12/9 20:15,6.5
2024/12/9 20:30,6.37
2024/12/9 20:45,5.72
2024/12/9 21:00,5.48
2024/12/9 21:15,5.16
2024/12/9 21:30,4.97
2024/12/9 21:45,4.63
2024/12/9 22:00,4.41
2024/12/9 22:15,4.21
2024/12/9 22:30,4.09
2024/12/9 22:45,4.4
2024/12/9 23:00,4.43
2024/12/9 23:15,4.86
2024/12/9 23:30,5.0
2024/12/9 23:45,5.57
2024/12/10 0:00,6.2
2024/12/10 0:15,6.8
2024/12/10 0:30,7.5
2024/12/10 0:45,7.82
2024/12/10 1:00,8.37
2024/12/10 1:15,8.54
2024/12/10 1:30,8.51
2024/12/10 1:45,8.23
2024/12/10 2:00,8.14
2024/12/10 2:15,7.38
2024/12/10 2:30,6.89
2024/12/10 2:45,6.16
2024/12/10 3:00,5.38
2024/12/10 3:15,4.61
2024/12/10 3:30,3.84
2024/12/10 3:45,3.09
2024/12/10 4:00,3.0
2024/12/10 4:15,2.29
2024/12/10 4:30,2.02
2024/12/10 4:45,1.8
2024/12/10 5:00,1.86
2024/12/10 5:15,1.94
2024/12/10 5:30,1.72
2024/12/10 5:45,1.77
2024/12/10 6:00,1.8
2024/12/10 6:15,1.97
2024/12/10 6:30,2.19
2024/12/10 6:45,2.64
2024/12/10 7:00,2.78
2024/12/10 7:15,3.62
2024/12/10 7:30,3.9
2024/12/10 7:45,4.17
2024/12/10 8:00,4.74
2024/12/10 8:15,4.75
2024/12/10 8:30,5.09
2024/12/10 8:45,5.17
2024/12/10 9:00,5.76
2024/12/10 9:15,5.64
2024/12/10 9:30,5.81
2024/12/10 9:45,5.92
2024/12/10 10:00,5.86
2024/12/10 10:15,5.47
2024/12/10 10:30,5.29
2024/12/10 10:45,4.81
2024/12/10 11:00,4.87
2024/12/10 11:15,4.24
2024/12/10 11:30,3.92
2024/12/10 11:45,3.49
2024/12/10 12:00,3.4
2024/12/10 12:15,2.94
2024/12/10 12:30,2.76
2024/12/10 12:45,2.47
2024/12/10 13:00,2.21
2024/12/10 13:15,2.26
2024/12/10 13:30,2.11
2024/12/10 13:45,1.9
2024/12/10 14:00,1.93
2024/12/10 14:15,2.19
2024/12/10 14:30,2.44
2024/12/10 14:45,2.74
2024/12/10 15:00,2.45
2024/12/10 15:15,2.99
2024/12/10 15:30,3.37
2024/12/10 15:45,3.67
2024/12/10 16:00,4.14
2024/12/10 16:15,4.46
2024/12/10 16:30,4.61
2024/12/10 16:45,4.99
2024/12/10 17:00,5.57
2024/12/10 17:15,6.04
2024/12/10 17:30,6.25
2024/12/10 17:45,6.3
2024/12/10 18:00,6.64
2024/12/10 18:15,7.12
2024/12/10 18:30,7.12
2024/12/10 18:45,7.29
2024/12/10 19:00,7.46
2024/12/10 19:15,7.09
2024/12/10 19:30,7.11
2024/12/10 19:45,6.94
2024/12/10 20:00,6.86
2024/12/10 20:15,6.67
2024/12/10 20:30,6.04
2024/12/10 20:45,5.94
2024/12/10 21:00,5.73
2024/12/10 21:15,4.99
2024/12/10 21:30,4.95
2024/12/10 21:45,4.5
2024/12/10 22:00,4.36
2024/12/10 22:15,3.93
2024/12/10 22:30,4.46
2024/12/10 22:45,4.25
2024/12/10 23:00,4.36
2024/12/10 23:15,4.82
2024/12/10 23:30,5.01
2024/12/10 23:45,5.5
2024/12/11 0:00,6.46
2024/12/11 0:15,7.09
2024/12/11 0:30,7.29
2024/12/11 0:45,8.04
2024/12/11 1:00,8.31
2024/12/11 1:15,8.27
2024/12/11 1:30,8.38
2024/12/11 1:45,8.6
2024/12/11 2:00,7.81
2024/12/11 2:15,7.86
2024/12/11 2:30,6.8
2024/12/11 2:45,6.41
2024/12/11 3:00,5.37
2024/12/11 3:15,4.78
2024/12/11 3:30,4.17
2024/12/11 3:45,3.54
2024/12/11 4:00,2.71
2024/12/11 4:15,2.23
2024/12/11 4:30,2.03
2024/12/11 4:45,1.62
2024/12/11 5:00,1.73
2024/12/11 5:15,1.53
2024/12/11 5:30,1.85
2024/12/11 5:45,1.71
2024/12/11 6:00,1.7
2024/12/11 6:15,2.4
2024/12/11 6:30,2.48
2024/12/11 6:45,2.76
2024/12/11 7:00,3.26
2024/12/11 7:15,3.59
2024/12/11 7:30,3.72
2024/12/11 7:45,4.14
2024/12/11 8:00,4.41
2024/12/11 8:15,4.69
2024/12/11 8:30,5.3
2024/12/11 8:45,5.52
2024/12/11 9:00,5.76
2024/12/11 9:15,5.96
2024/12/11 9:30,5.92
2024/12/11 9:45,5.9
2024/12/11 10:00,5.34
2024/12/11 10:15,5.43
2024/12/11 10:30,5.38
2024/12/11 10:45,4.77
2024/12/11 11:00,4.63
2024/12/11 11:15,4.34
2024/12/11 11:30,3.97
2024/12/11 11:45,3.61
2024/12/11 12:00,3.31
2024/12/11 12:15,2.94
2024/12/11 12:30,2.43
2024/12/11 12:45,2.5
2024/12/11 13:00,2.29
2024/12/11 13:15,1.91
2024/12/11 13:30,2.26
2024/12/11 13:45,2.12
2024/12/11 14:00,1.87
2024/12/11 14:15,2.04
2024/12/11 14:30,2.22
2024/12/11 14:45,2.41
2024/12/11 15:00,2.77
2024/12/11 15:15,2.84
2024/12/11 15:30,3.46
2024/12/11 15:45,3.79
2024/12/11 16:00,4.08
2024/12/11 16:15,4.37
2024/12/11 16:30,4.89
2024/12/11 16:45,5.1
2024/12/11 17:00,5.42
2024/12/11 17:15,6.07
2024/12/11 17:30,6.28
2024/12/11 17:45,6.43
2024/12/11 18:00,6.74
2024/12/11 18:15,6.9
2024/12/11 18:30,7.47
2024/12/11 18:45,7.27
2024/12/11 19:00,7.32
2024/12/11 19:15,7.38
2024/12/11 19:30,6.99
2024/12/11 19:45,7.18
2024/12/11 20:00,6.72
2024/12/11 20:15,6.83
2024/12/11 20:30,6.21
2024/12/11 20:45,6.09
2024/12/11 21:00,5.23
2024/12/11 21:15,5.09
2024/12/11 21:30,4.91
2024/12/11 21:45,4.37
2024/12/11 22:00,4.55
2024/12/11 22:15,4.36
2024/12/11 22:30,4.11
2024/12/11 22:45,4.3
2024/12/11 23:00,4.6
2024/12/11 23:15,4.45
2024/12/11 23:30,4.98
2024/12/11 23:45,5.62
2024/12/12 0:00,5.71
2024/12/12 0:15,5.95
2024/12/12 0:30,6.38
2024/12/12 0:45,6.6
2024/12/12 1:00,6.89
2024/12/12 1:15,6.8
2024/12/12 1:30,7.19
2024/12/12 1:45,7.22
2024/12/12 2:00,7.5
2024/12/12 2:15,7.25
2024/12/12 2:30,6.97
2024/12/12 2:45,6.98
2024/12/12 3:00,6.64
2024/12/12 3:15,6.08
2024/12/12 3:30,5.76
2024/12/12 3:45,5.34
2024/12/12 4:00,5.14
2024/12/12 4:15,4.56
2024/12/12 4:30,4.23
2024/12/12 4:45,3.67
2024/12/12 5:00,3.45
2024/12/12 5:15,3.31
2024/12/12 5:30,2.81
2024/12/12 5:45,2.69
2024/12/12 6:00,2.32
2024/12/12 6:15,2.32
2024/12/12 6:30,2.33
2024/12/12 6:45,2.22
2024/12/12 7:00,2.61
2024/12/12 7:15,2.36
2024/12/12 7:30,2.7
2024/12/12 7:45,2.75
2024/12/12 8:00,2.88
2024/12/12 8:15,3.28
2024/12/12 8:30,2.93
2024/12/12 8:45,3.46
2024/12/12 9:00,3.57
2024/12/12 9:15,3.7
2024/12/12 9:30,4.09
2024/12/12 9:45,4.55
2024/12/12 10:00,4.74
2024/12/12 10:15,5.28
2024/12/12 10:30,5.41
2024/12/12 10:45,5.7
2024/12/12 11:00,6.0
2024/12/12 11:15,6.33
2024/12/12 11:30,6.56
2024/12/12 11:45,6.77
2024/12/12 12:00,7.3
2024/12/12 12:15,7.29
2024/12/12 12:30,7.53
2024/12/12 12:45,7.84
2024/12/12 13:00,7.98
2024/12/12 13:15,7.93
2024/12/12 13:30,8.27
2024/12/12 13:45,8.3
2024/12/12 14:00,8.29
2024/12/12 14:15,8.21
2024/12/12 14:30,8.19
2024/12/12 14:45,8.19
2024/12/12 15:00,7.98
2024/12/12 15:15,8.09
2024/12/12 15:30,8.16
2024/12/12 15:45,8.08
2024/12/12 16:00,7.83
2024/12/12 16:15,8.0
2024/12/12 16:30,8.1
2024/12/12 16:45,7.76
2024/12/12 17:00,7.94
2024/12/12 17:15,7.55
2024/12/12 17:30,7.78
2024/12/12 17:45,8.08
2024/12/12 18:00,8.03
2024/12/12 18:15,8.61
2024/12/12 18:30,8.51
2024/12/12 18:45,8.66
2024/12/12 19:00,8.59
2024/12/12 19:15,8.47
2024/12/12 19:30,8.52
2024/12/12 19:45,8.56
2024/12/12 20:00,8.28
2024/12/12 20:15,8.28
2024/12/12 20:30,8.02
2024/12/12 20:45,7.61
2024/12/12 21:00,6.99
2024/12/12 21:15,7.16
2024/12/12 21:30,6.5
2024/12/12 21:45,6.59
2024/12/12 22:00,5.96
2024/12/12 22:15,5.56
2024/12/12 22:30,5.45
2024/12/12 22:45,4.94
2024/12/12 23:00,5.34
2024/12/12 23:15,5.6
2024/12/12 23:30,5.0
2024/12/12 23:45,5.44
2024/12/13 0:00,5.69
2024/12/13 0:15,6.09
2024/12/13 0:30,6.56
2024/12/13 0:45,6.58
2024/12/13 1:00,7.11
2024/12/13 1:15,7.03
2024/12/13 1:30,7.24
2024/12/13 1:45,7.32
2024/12/13 2:00,7.46
2024/12/13 2:15,7.16
2024/12/13 2:30,7.2
2024/12/13 2:45,6.67
2024/12/13 3:00,6.51
2024/12/13 3:15,6.11
2024/12/13 3:30,5.82
2024/12/13 3:45,5.34
2024/12/13 4:00,5.13
2024/12/13 4:15,4.4
2024/12/13 4:30,3.86
2024/12/13 4:45,3.54
2024/12/13 5:00,3.55
2024/12/13 5:15,2.96
2024/12/13 5:30,2.92
2024/12/13 5:45,2.63
2024/12/13 6:00,2.65
2024/12/13 6:15,2.4
2024/12/13 6:30,2.8
2024/12/13 6:45,2.66
2024/12/13 7:00,2.36
2024/12/13 7:15,2.41
2024/12/13 7:30,3.05
2024/12/13 7:45,2.56
2024/12/13 8:00,2.87
2024/12/13 8:15,3.06
2024/12/13 8:30,3.27
2024/12/13 8:45,3.23
2024/12/13 9:00,3.81
2024/12/13 9:15,3.85
2024/12/13 9:30,4.48
2024/12/13 9:45,4.33
2024/12/13 10:00,4.85
2024/12/13 10:15,4.81
2024/12/13 10:30,5.12
2024/12/13 10:45,5.62
2024/12/13 11:00,5.94
2024/12/13 11:15,6.56
2024/12/13 11:30,6.62
2024/12/13 11:45,7.09
2024/12/13 12:00,7.09
2024/12/13 12:15,7.47
2024/12/13 12:30,7.48
2024/12/13 12:45,7.66
2024/12/13 13:00,7.66
2024/12/13 13:15,8.11
2024/12/13 13:30,8.2
2024/12/13 13:45,8.34
2024/12/13 14:00,8.29
2024/12/13 14:15,8.57
2024/12/13 14:30,8.28
2024/12/13 14:45,8.37
2024/12/13 15:00,8.11
2024/12/13 15:15,7.96
2024/12/13 15:30,8.13
2024/12/13 15:45,7.94
2024/12/13 16:00,8.01
2024/12/13 16:15,7.89
2024/12/13 16:30,7.69
2024/12/13 16:45,7.97
2024/12/13 17:00,7.7
2024/12/13 17:15,7.98
2024/12/13 17:30,8.16
2024/12/13 17:45,8.01
2024/12/13 18:00,8.35
2024/12/13 18:15,8.36
2024/12/13 18:30,8.55
2024/12/13 18:45,8.39
2024/12/13 19:00,8.62
2024/12/13 19:15,8.41
2024/12/13 19:30,8.85
2024/12/13 19:45,8.22
2024/12/13 20:00,8.32
2024/12/13 20:15,8.03
2024/12/13 20:30,8.02
2024/12/13 20:45,7.9
2024/12/13 21:00,7.36
2024/12/13 21:15,7.35
2024/12/13 21:30,6.33
2024/12/13 21:45,5.99
2024/12/13 22:00,5.73
2024/12/13 22:15,5.61
2024/12/13 22:30,5.23
2024/12/13 22:45,5.13
2024/12/13 23:00,5.28
2024/12/13 23:15,5.03
2024/12/13 23:30,5.14
2024/12/13 23:45,5.42
2024/12/14 0:00,6.18
2024/12/14 0:15,6.97
2024/12/14 0:30,7.25
2024/12/14 0:45,7.77
2024/12/14 1:00,8.35
2024/12/14 1:15,8.6
2024/12/14 1:30,8.74
2024/12/14 1:45,8.44
2024/12/14 2:00,8.05
2024/12/14 2:15,7.61
2024/12/14 2:30,6.85
2024/12/14 2:45,6.13
2024/12/14 3:00,5.15
2024/12/14 3:15,4.8
2024/12/14 3:30,3.99
2024/12/14 3:45,3.45
2024/12/14 4:00,2.37
2024/12/14 4:15,2.36
2024/12/14 4:30,1.91
2024/12/14 4:45,2.04
2024/12/14 5:00,1.79
2024/12/14 5:15,1.69
2024/12/14 5:30,1.63
2024/12/14 5:45,1.86
2024/12/14 6:00,1.83
2024/12/14 6:15,2.17
2024/12/14 6:30,2.37
2024/12/14 6:45,3.1
2024/12/14 7:00,3.32
2024/12/14 7:15,3.62
2024/12/14 7:30,3.61
2024/12/14 7:45,4.34
2024/12/14 8:00,4.6
2024/12/14 8:15,5.1
2024/12/14 8:30,5.26
2024/12/14 8:45,5.46
2024/12/14 9:00,5.68
2024/12/14 9:15,5.49
2024/12/14 9:30,5.69
2024/12/14 9:45,5.82
2024/12/14 10:00,5.83
2024/12/14 10:15,5.39
2024/12/14 10:30,5.23
2024/12/14 10:45,4.7
2024/12/14 11:00,4.83
2024/12/14 11:15,4.43
2024/12/14 11:30,4.0
2024/12/14 11:45,3.61
2024/12/14 12:00,3.45
2024/12/14 12:15,2.79
2024/12/14 12:30,2.51
2024/12/14 12:45,2.58
2024/12/14 13:00,2.4
2024/12/14 13:15,1.94
2024/12/14 13:30,1.97
2024/12/14 13:45,2.29
2024/12/14 14:00,2.14
2024/12/14 14:15,2.29
2024/12/14 14:30,2.13
2024/12/14 14:45,2.59
2024/12/14 15:00,2.51
2024/12/14 15:15,2.69
2024/12/14 15:30,3.4
2024/12/14 15:45,3.85
2024/12/14 16:00,3.95
2024/12/14 16:15,4.28
2024/12/14 16:30,5.01
2024/12/14 16:45,5.11
2024/12/14 17:00,5.51
2024/12/14 17:15,6.14
2024/12/14 17:30,6.18
2024/12/14 17:45,6.44
2024/12/14 18:00,6.92
2024/12/14 18:15,6.91
2024/12/14 18:30,7.15
2024/12/14 18:45,7.07
2024/12/14 19:00,7.33
2024/12/14 19:15,7.28
2024/12/14 19:30,7.32
2024/12/14 19:45,7.15
2024/12/14 20:00,6.89
2024/12/14 20:15,6.61
2024/12/14 20:30,6.25
2024/12/14 20:45,6.03
2024/12/14 21:00,5.44
2024/12/14 21:15,4.92
2024/12/14 21:30,5.13
2024/12/14 21:45,4.78
2024/12/14 22:00,4.44
2024/12/14 22:15,4.47
2024/12/14 22:30,4.14
2024/12/14 22:45,4.2
2024/12/14 23:00,4.35
2024/12/14 23:15,4.85
2024/12/14 23:30,4.93
2024/12/14 23:45,5.55
2024/12/15 0:00,6.27
2024/12/15 0:15,6.64
2024/12/15 0:30,7.28
2024/12/15 0:45,7.55
2024/12/15 1:00,8.35
2024/12/15 1:15,8.38
2024/12/15 1:30,8.36
2024/12/15 1:45,8.17
2024/12/15 2:00,7.97
2024/12/15 2:15,7.29
2024/12/15 2:30,7.18
2024/12/15 2:45,5.81
2024/12/15 3:00,5.35
2024/12/15 3:15,4.68
2024/12/15 3:30,3.84
2024/12/15 3:45,3.36
2024/12/15 4:00,2.67
2024/12/15 4:15,2.59
2024/12/15 4:30,1.87
2024/12/15 4:45,1.47
2024/12/15 5:00,1.5
2024/12/15 5:15,1.71
2024/12/15 5:30,1.67
2024/12/15 5:45,1.91
2024/12/15 6:00,2.04
2024/12/15 6:15,2.09
2024/12/15 6:30,2.38
2024/12/15 6:45,2.7
2024/12/15 7:00,3.38
2024/12/15 7:15,3.56
2024/12/15 7:30,4.12
2024/12/15 7:45,4.34
2024/12/15 8:00,4.57
2024/12/15 8:15,4.76
2024/12/15 8:30,5.24
2024/12/15 8:45,5.45
2024/12/15 9:00,5.63
2024/12/15 9:15,5.73
2024/12/15 9:30,5.5
2024/12/15 9:45,5.96
2024/12/15 10:00,5.65
2024/12/15 10:15,5.26
2024/12/15 10:30,5.3
2024/12/15 10:45,4.81
2024/12/15 11:00,4.7
2024/12/15 11:15,4.4
2024/12/15 11:30,4.06
2024/12/15 11:45,3.53
2024/12/15 12:00,3.16
2024/12/15 12:15,2.82
2024/12/15 12:30,2.54
2024/12/15 12:45,2.42
2024/12/15 13:00,2.21
2024/12/15 13:15,2.0
2024/12/15 13:30,1.88
2024/12/15 13:45,2.02
2024/12/15 14:00,2.01
2024/12/15 14:15,2.0
2024/12/15 14:30,2.43
2024/12/15 14:45,2.76
2024/12/15 15:00,2.87
2024/12/15 15:15,2.88
2024/12/15 15:30,3.29
2024/12/15 15:45,3.86
2024/12/15 16:00,3.81
2024/12/15 16:15,4.48
2024/12/15 16:30,4.54
2024/12/15 16:45,5.39
2024/12/15 17:00,5.46
2024/12/15 17:15,6.22
2024/12/15 17:30,6.49
2024/12/15 17:45,6.52
2024/12/15 18:00,6.69
2024/12/15 18:15,7.04
2024/12/15 18:30,7.14
2024/12/15 18:45,7.21
2024/12/15 19:00,7.05
2024/12/15 19:15,7.19
2024/12/15 19:30,7.01
2024/12/15 19:45,7.1
2024/12/15 20:00,6.96
2024/12/15 20:15,6.66
2024/12/15 20:30,6.31
2024/12/15 20:45,5.81
2024/12/15 21:00,5.63
2024/12/15 21:15,5.39
2024/12/15 21:30,4.87
2024/12/15 21:45,4.7
2024/12/15 22:00,4.44
2024/12/15 22:15,4.56
2024/12/15 22:30,4.38
2024/12/15 22:45,4.4
2024/12/15 23:00,4.22
2024/12/15 23:15,4.79
2024/12/15 23:30,5.15
2024/12/15 23:45,5.64
2024/12/16 0:00,5.99
2024/12/16 0:15,6.65
2024/12/16 0:30,7.37
2024/12/16 0:45,8.05
2024/12/16 1:00,8.17
2024/12/16 1:15,8.42
2024/12/16 1:30,8.79
2024/12/16 1:45,8.32
2024/12/16 2:00,8.01
2024/12/16 2:15,7.51
2024/12/16 2:30,6.69
2024/12/16 2:45,6.26
2024/12/16 3:00,5.32
2024/12/16 3:15,4.66
2024/12/16 3:30,4.03
2024/12/16 3:45,3.62
2024/12/16 4:00,2.6
2024/12/16 4:15,2.49
2024/12/16 4:30,2.17
2024/12/16 4:45,1.72
2024/12/16 5:00,1.78
2024/12/16 5:15,1.9
2024/12/16 5:30,1.58
2024/12/16 5:45,1.83
2024/12/16 6:00,2.03
2024/12/16 6:15,2.27
2024/12/16 6:30,2.57
2024/12/16 6:45,2.78
2024/12/16 7:00,3.18
2024/12/16 7:15,3.32
2024/12/16 7:30,3.86
2024/12/16 7:45,4.14
2024/12/16 8:00,4.39
2024/12/16 8:15,4.84
2024/12/16 8:30,5.25
2024/12/16 8:45,5.53
2024/12/16 9:00,5.46
2024/12/16 9:15,5.62
2024/12/16 9:30,5.91
2024/12/16 9:45,5.84
2024/12/16 10:00,5.79
2024/12/16 10:15,5.68
2024/12/16 10:30,5.31
2024/12/16 10:45,4.88
2024/12/16 11:00,4.63
2024/12/16 11:15,4.51
2024/12/16 11:30,4.32
2024/12/16 11:45,3.62
2024/12/16 12:00,3.3
2024/12/16 12:15,3.02
2024/12/16 12:30,2.65
2024/12/16 12:45,2.6
2024/12/16 13:00,2.4
2024/12/16 13:15,2.18
2024/12/16 13:30,2.01
2024/12/16 13:45,1.81
2024/12/16 14:00,2.19
2024/12/16 14:15,2.2
2024/12/16 14:30,2.2
2024/12/16 14:45,2.32
2024/12/16 15:00,2.82
2024/12/16 15:15,2.75
2024/12/16 15:30,3.34
2024/12/16 15:45,3.76
2024/12/16 16:00,4.07
2024/12/16 16:15,4.31
2024/12/16 16:30,4.57
2024/12/16 16:45,5.23
2024/12/16 17:00,5.7
2024/12/16 17:15,5.8
2024/12/16 17:30,6.31
2024/12/16 17:45,6.77
2024/12/16 18:00,6.85
2024/12/16 18:15,6.95
2024/12/16 18:30,7.33
2024/12/16 18:45,7.16
2024/12/16 19:00,7.11
2024/12/16 19:15,7.39
2024/12/16 19:30,7.11
2024/12/16 19:45,6.97
2024/12/16 20:00,6.72
2024/12/16 20:15,6.48
2024/12/16 20:30,6.47
2024/12/16 20:45,6.19
2024/12/16 21:00,5.87
2024/12/16 21:15,5.43
2024/12/16 21:30,5.03
2024/12/16 21:45,4.46
2024/12/16 22:00,4.43
2024/12/16 22:15,4.63
2024/12/16 22:30,4.19
2024/12/16 22:45,4.53
2024/12/16 23:00,4.49
2024/12/16 23:15,4.37
2024/12/16 23:30,5.27
2024/12/16 23:45,5.86
2024/12/17 0:00,6.22
2024/12/17 0:15,7.0
2024/12/17 0:30,7.13
2024/12/17 0:45,7.67
2024/12/17 1:00,8.29
2024/12/17 1:15,8.55
2024/12/17 1:30,8.73
2024/12/17 1:45,8.46
2024/12/17 2:00,7.85
2024/12/17 2:15,7.55
2024/12/17 2:30,6.98
2024/12/17 2:45,5.89
2024/12/17 3:00,5.41
2024/12/17 3:15,4.61
2024/12/17 3:30,3.86
2024/12/17 3:45,3.4
2024/12/17 4:00,2.62
2024/12/17 4:15,2.43
2024/12/17 4:30,2.12
2024/12/17 4:45,1.98
2024/12/17 5:00,1.52
2024/12/17 5:15,1.43
2024/12/17 5:30,1.73
2024/12/17 5:45,1.76
2024/12/17 6:00,2.4
2024/12/17 6:15,2.25
2024/12/17 6:30,2.46
2024/12/17 6:45,2.73
2024/12/17 7:00,2.92
2024/12/17 7:15,3.54
2024/12/17 7:30,3.82
2024/12/17 7:45,4.2
2024/12/17 8:00,4.59
2024/12/17 8:15,4.95
2024/12/17 8:30,4.95
2024/12/17 8:45,5.59
2024/12/17 9:00,5.52
2024/12/17 9:15,5.74
2024/12/17 9:30,6.0
2024/12/17 9:45,6.03
2024/12/17 10:00,5.4
2024/12/17 10:15,5.48
2024/12/17 10:30,5.27
2024/12/17 10:45,4.71
2024/12/17 11:00,4.73
2024/12/17 11:15,4.28
2024/12/17 11:30,3.93
2024/12/17 11:45,3.41
2024/12/17 12:00,3.28
2024/12/17 12:15,3.04
2024/12/17 12:30,2.66
2024/12/17 12:45,2.34
2024/12/17 13:00,2.18
2024/12/17 13:15,2.16
2024/12/17 13:30,2.06
2024/12/17 13:45,2.18
2024/12/17 14:00,2.01
2024/12/17 14:15,1.98
2024/12/17 14:30,2.36
2024/12/17 14:45,2.42
2024/12/17 15:00,2.84
2024/12/17 15:15,2.99
2024/12/17 15:30,3.39
2024/12/17 15:45,3.48
2024/12/17 16:00,4.01
2024/12/17 16:15,4.26
2024/12/17 16:30,4.57
2024/12/17 16:45,5.01
2024/12/17 17:00,5.44
2024/12/17 17:15,6.08
2024/12/17 17:30,6.15
2024/12/17 17:45,6.35
2024/12/17 18:00,6.82
2024/12/17 18:15,7.02
2024/12/17 18:30,7.1
2024/12/17 18:45,7.24
2024/12/17 19:00,7.45
2024/12/17 19:15,7.37
2024/12/17 19:30,7.26
2024/12/17 19:45,6.84
2024/12/17 20:00,7.24
2024/12/17 20:15,6.71
2024/12/17 20:30,6.34
2024/12/17 20:45,5.76
2024/12/17 21:00,5.75
2024/12/17 21:15,5.2
2024/12/17 21:30,4.93
2024/12/17 21:45,4.43
2024/12/17 22:00,4.27
2024/12/17 22:15,4.38
2024/12/17 22:30,4.41
2024/12/17 22:45,4.41
2024/12/17 23:00,4.58
2024/12/17 23:15,4.76
2024/12/17 23:30,5.11
2024/12/17 23:45,5.71
2024/12/18 0:00,6.35
2024/12/18 0:15,6.82
2024/12/18 0:30,7.57
2024/12/18 0:45,7.85
2024/12/18 1:00,8.11
2024/12/18 1:15,8.48
2024/12/18 1:30,8.54
2024/12/18 1:45,8.36
2024/12/18 2:00,8.22
2024/12/18 2:15,7.64
2024/12/18 2:30,6.67
2024/12/18 2:45,6.4
2024/12/18 3:00,5.0
2024/12/18 3:15,4.99
2024/12/18 3:30,3.92
2024/12/18 3:45,3.3
2024/12/18 4:00,2.79
2024/12/18 4:15,2.42
2024/12/18 4:30,2.04
2024/12/18 4:45,1.8
2024/12/18 5:00,1.89
2024/12/18 5:15,1.74
2024/12/18 5:30,1.55
2024/12/18 5:45,1.91
2024/12/18 6:00,2.04
2024/12/18 6:15,2.1
2024/12/18 6:30,2.57
2024/12/18 6:45,2.74
2024/12/18 7:00,3.07
2024/12/18 7:15,3.42
2024/12/18 7:30,3.47
2024/12/18 7:45,4.13
2024/12/18 8:00,4.68
2024/12/18 8:15,4.91
2024/12/18 8:30,5.02
2024/12/18 8:45,5.61
2024/12/18 9:00,5.6
2024/12/18 9:15,5.58
2024/12/18 9:30,6.14
2024/12/18 9:45,5.61
2024/12/18 10:00,5.79
2024/12/18 10:15,5.36
2024/12/18 10:30,5.25
2024/12/18 10:45,4.81
2024/12/18 11:00,4.43
2024/12/18 11:15,4.34
2024/12/18 11:30,3.97
2024/12/18 11:45,3.72
2024/12/18 12:00,3.21
2024/12/18 12:15,3.25
2024/12/18 12:30,2.68
2024/12/18 12:45,2.51
2024/12/18 13:00,2.04
2024/12/18 13:15,2.03
2024/12/18 13:30,2.13
2024/12/18 13:45,2.03
2024/12/18 14:00,2.11
2024/12/18 14:15,2.04
2024/12/18 14:30,2.32
2024/12/18 14:45,2.51
2024/12/18 15:00,2.54
2024/12/18 15:15,3.09
2024/12/18 15:30,3.04
2024/12/18 15:45,3.66
2024/12/18 16:00,4.25
2024/12/18 16:15,4.47
2024/12/18 16:30,4.85
2024/12/18 16:45,5.01
2024/12/18 17:00,5.79
2024/12/18 17:15,6.1
2024/12/18 17:30,6.1
2024/12/18 17:45,6.47
2024/12/18 18:00,6.99
2024/12/18 18:15,7.28
2024/12/18 18:30,6.98
2024/12/18 18:45,7.12
2024/12/18 19:00,7.28
2024/12/18 19:15,6.94
2024/12/18 19:30,7.18
2024/12/18 19:45,7.2
2024/12/18 20:00,6.59
2024/12/18 20:15,6.57
2024/12/18 20:30,6.17
2024/12/18 20:45,6.18
2024/12/18 21:00,5.52
2024/12/18 21:15,5.5
2024/12/18 21:30,4.87
2024/12/18 21:45,4.79
2024/12/18 22:00,4.49
2024/12/18 22:15,4.29
2024/12/18 22:30,4.14
2024/12/18 22:45,4.36
2024/12/18 23:00,4.41
2024/12/18 23:15,4.66
2024/12/18 23:30,5.39
2024/12/18 23:45,5.75
2024/12/19 0:00,5.8
2024/12/19 0:15,5.9
2024/12/19 0:30,6.22
2024/12/19 0:45,6.49
2024/12/19 1:00,6.84
2024/12/19 1:15,7.1
2024/12/19 1:30,7.17
2024/12/19 1:45,7.15
2024/12/19 2:00,7.39
2024/12/19 2:15,7.22
2024/12/19 2:30,6.86
2024/12/19 2:45,6.53
2024/12/19 3:00,6.6
2024/12/19 3:15,6.08
2024/12/19 3:30,5.88
2024/12/19 3:45,5.27
2024/12/19 4:00,4.98
2024/12/19 4:15,4.48
2024/12/19 4:30,4.39
2024/12/19 4:45,3.89
2024/12/19 5:00,3.61
2024/12/19 5:15,3.11
2024/12/19 5:30,2.99
2024/12/19 5:45,2.68
2024/12/19 6:00,2.75
2024/12/19 6:15,2.42
2024/12/19 6:30,2.17
2024/12/19 6:45,2.08
2024/12/19 7:00,2.66
2024/12/19 7:15,2.55
2024/12/19 7:30,2.67
2024/12/19 7:45,2.94
2024/12/19 8:00,2.63
2024/12/19 8:15,3.01
2024/12/19 8:30,3.23
2024/12/19 8:45,3.6
2024/12/19 9:00,3.63
2024/12/19 9:15,3.82
2024/12/19 9:30,4.09
2024/12/19 9:45,4.72
2024/12/19 10:00,4.73
2024/12/19 10:15,5.06
2024/12/19 10:30,5.54
2024/12/19 10:45,5.64
2024/12/19 11:00,5.79
2024/12/19 11:15,6.1
2024/12/19 11:30,6.62
2024/12/19 11:45,6.97
2024/12/19 12:00,7.12
2024/12/19 12:15,7.45
2024/12/19 12:30,7.35
2024/12/19 12:45,7.54
2024/12/19 13:00,8.27
2024/12/19 13:15,8.24
2024/12/19 13:30,8.27
2024/12/19 13:45,8.12
2024/12/19 14:00,8.23
2024/12/19 14:15,8.27
2024/12/19 14:30,8.45
2024/12/19 14:45,8.28
2024/12/19 15:00,8.24
2024/12/19 15:15,8.07
2024/12/19 15:30,8.14
2024/12/19 15:45,8.0
2024/12/19 16:00,7.9
2024/12/19 16:15,7.73
2024/12/19 16:30,7.8
2024/12/19 16:45,7.65
2024/12/19 17:00,7.83
2024/12/19 17:15,7.9
2024/12/19 17:30,7.6
2024/12/19 17:45,8.03
2024/12/19 18:00,8.0
2024/12/19 18:15,8.38
2024/12/19 18:30,8.52
2024/12/19 18:45,8.46
2024/12/19 19:00,8.67
2024/12/19 19:15,8.71
2024/12/19 19:30,8.56
2024/12/19 19:45,8.75
2024/12/19 20:00,8.27
2024/12/19 20:15,8.4
2024/12/19 20:30,7.88
2024/12/19 20:45,7.48
2024/12/19 21:00,7.21
2024/12/19 21:15,6.74
2024/12/19 21:30,6.65
2024/12/19 21:45,5.94
2024/12/19 22:00,6.07
2024/12/19 22:15,5.45
2024/12/19 22:30,5.51
2024/12/19 22:45,5.25
2024/12/19 23:00,5.23
2024/12/19 23:15,5.12
2024/12/19 23:30,5.37
2024/12/19 23:45,5.5
2024/12/20 0:00,5.48
2024/12/20 0:15,5.82
2024/12/20 0:30,6.16
2024/12/20 0:45,6.41
2024/12/20 1:00,6.97
2024/12/20 1:15,7.01
2024/12/20 1:30,7.06
2024/12/20 1:45,7.19
2024/12/20 2:00,7.21
2024/12/20 2:15,7.18
2024/12/20 2:30,6.91
2024/12/20 2:45,6.73
2024/12/20 3:00,6.67
2024/12/20 3:15,6.23
2024/12/20 3:30,5.79
2024/12/20 3:45,5.39
2024/12/20 4:00,4.95
2024/12/20 4:15,4.5
2024/12/20 4:30,4.2
2024/12/20 4:45,3.81
2024/12/20 5:00,3.17
2024/12/20 5:15,3.09
2024/12/20 5:30,2.64
2024/12/20 5:45,2.77
2024/12/20 6:00,2.64
2024/12/20 6:15,2.34
2024/12/20 6:30,2.36
2024/12/20 6:45,2.06
2024/12/20 7:00,2.56
2024/12/20 7:15,2.59
2024/12/20 7:30,2.76
2024/12/20 7:45,2.94
2024/12/20 8:00,2.69
2024/12/20 8:15,3.19
2024/12/20 8:30,3.49
2024/12/20 8:45,3.27
2024/12/20 9:00,3.71
2024/12/20 9:15,3.94
2024/12/20 9:30,4.4
2024/12/20 9:45,4.19
2024/12/20 10:00,5.12
2024/12/20 10:15,5.13
2024/12/20 10:30,5.58
2024/12/20 10:45,5.74
2024/12/20 11:00,6.12
2024/12/20 11:15,5.99
2024/12/20 11:30,6.57
2024/12/20 11:45,7.02
2024/12/20 12:00,7.19
2024/12/20 12:15,7.13
2024/12/20 12:30,7.6
2024/12/20 12:45,7.65
2024/12/20 13:00,7.8
2024/12/20 13:15,7.83
2024/12/20 13:30,8.25
2024/12/20 13:45,8.39
2024/12/20 14:00,8.58
2024/12/20 14:15,8.05
2024/12/20 14:30,8.37
2024/12/20 14:45,8.34
2024/12/20 15:00,8.07
2024/12/20 15:15,7.96
2024/12/20 15:30,7.86
2024/12/20 15:45,7.87
2024/12/20 16:00,7.92
2024/12/20 16:15,8.05
2024/12/20 16:30,7.98
2024/12/20 16:45,7.57
2024/12/20 17:00,7.72
2024/12/20 17:15,8.08
2024/12/20 17:30,7.85
2024/12/20 17:45,8.06
2024/12/20 18:00,7.93
2024/12/20 18:15,8.48
2024/12/20 18:30,8.13
2024/12/20 18:45,8.27
2024/12/20 19:00,8.75
2024/12/20 19:15,8.91
2024/12/20 19:30,8.55
2024/12/20 19:45,8.51
2024/12/20 20:00,8.51
2024/12/20 20:15,8.22
2024/12/20 20:30,7.86
2024/12/20 20:45,7.54
2024/12/20 21:00,7.03
2024/12/20 21:15,6.94
2024/12/20 21:30,6.52
2024/12/20 21:45,6.12
2024/12/20 22:00,5.71
2024/12/20 22:15,5.46
2024/12/20 22:30,5.48
2024/12/20 22:45,5.38
2024/12/20 23:00,5.14
2024/12/20 23:15,5.15
2024/12/20 23:30,5.18
2024/12/20 23:45,5.62
2024/12/21 0:00,6.23
2024/12/21 0:15,6.87
2024/12/21 0:30,7.44
2024/12/21 0:45,7.83
2024/12/21 1:00,8.09
2024/12/21 1:15,8.33
2024/12/21 1:30,8.69
2024/12/21 1:45,8.26
2024/12/21 2:00,7.97
2024/12/21 2:15,7.35
2024/12/21 2:30,6.71
2024/12/21 2:45,6.05
2024/12/21 3:00,5.67
2024/12/21 3:15,4.76
2024/12/21 3:30,3.88
2024/12/21 3:45,3.49
2024/12/21 4:00,2.77
2024/12/21 4:15,2.57
2024/12/21 4:30,2.37
2024/12/21 4:45,1.97
2024/12/21 5:00,1.71
2024/12/21 5:15,1.76
2024/12/21 5:30,1.69
2024/12/21 5:45,1.52
2024/12/21 6:00,1.87
2024/12/21 6:15,2.04
2024/12/21 6:30,2.35
2024/12/21 6:45,3.03
2024/12/21 7:00,3.27
2024/12/21 7:15,3.53
2024/12/21 7:30,3.96
2024/12/21 7:45,3.93
2024/12/21 8:00,4.68
2024/12/21 8:15,5.05
2024/12/21 8:30,4.88
2024/12/21 8:45,5.58
2024/12/21 9:00,5.43
2024/12/21 9:15,5.47
2024/12/21 9:30,6.0
2024/12/21 9:45,5.62
2024/12/21 10:00,5.55
2024/12/21 10:15,5.62
2024/12/21 10:30,5.19
2024/12/21 10:45,4.91
2024/12/21 11:00,4.58
2024/12/21 11:15,4.32
2024/12/21 11:30,3.87
2024/12/21 11:45,3.57
2024/12/21 12:00,3.14
2024/12/21 12:15,2.97
2024/12/21 12:30,2.69
2024/12/21 12:45,2.71
2024/12/21 13:00,2.19
2024/12/21 13:15,2.1
2024/12/21 13:30,2.09
2024/12/21 13:45,2.18
2024/12/21 14:00,1.91
2024/12/21 14:15,2.18
2024/12/21 14:30,1.93
2024/12/21 14:45,2.45
2024/12/21 15:00,2.88
2024/12/21 15:15,2.88
2024/12/21 15:30,3.32
2024/12/21 15:45,3.55
2024/12/21 16:00,3.86
2024/12/21 16:15,4.51
2024/12/21 16:30,4.6
2024/12/21 16:45,5.19
2024/12/21 17:00,5.57
2024/12/21 17:15,5.76
2024/12/21 17:30,6.25
2024/12/21 17:45,6.4
2024/12/21 18:00,6.88
2024/12/21 18:15,6.82
2024/12/21 18:30,7.12
2024/12/21 18:45,7.23
2024/12/21 19:00,7.47
2024/12/21 19:15,7.29
2024/12/21 19:30,7.32
2024/12/21 19:45,7.1
2024/12/21 20:00,6.89
2024/12/21 20:15,6.5
2024/12/21 20:30,6.41
2024/12/21 20:45,5.88
2024/12/21 21:00,5.34
2024/12/21 21:15,5.24
2024/12/21 21:30,5.02
2024/12/21 21:45,4.44
2024/12/21 22:00,4.32
2024/12/21 22:15,4.12
2024/12/21 22:30,4.37
2024/12/21 22:45,4.56
2024/12/21 23:00,4.45
2024/12/21 23:15,4.85
2024/12/21 23:30,5.25
2024/12/21 23:45,5.9
2024/12/22 0:00,6.13
2024/12/22 0:15,6.78
2024/12/22 0:30,7.33
2024/12/22 0:45,7.89
2024/12/22 1:00,8.64
2024/12/22 1:15,8.49
2024/12/22 1:30,8.39
2024/12/22 1:45,8.2
2024/12/22 2:00,8.22
2024/12/22 2:15,7.39
2024/12/22 2:30,6.99
2024/12/22 2:45,6.07
2024/12/22 3:00,5.22
2024/12/22 3:15,4.75
2024/12/22 3:30,3.86
2024/12/22 3:45,3.39
2024/12/22 4:00,2.87
2024/12/22 4:15,2.45
2024/12/22 4:30,2.0
2024/12/22 4:45,1.92
2024/12/22 5:00,1.55
2024/12/22 5:15,1.29
2024/12/22 5:30,1.8
2024/12/22 5:45,1.82
2024/12/22 6:00,1.87
2024/12/22 6:15,1.96
2024/12/22 6:30,2.15
2024/12/22 6:45,2.77
2024/12/22 7:00,3.35
2024/12/22 7:15,3.44
2024/12/22 7:30,3.78
2024/12/22 7:45,4.21
2024/12/22 8:00,4.9
2024/12/22 8:15,5.03
2024/12/22 8:30,5.07
2024/12/22 8:45,5.47
2024/12/22 9:00,5.7
2024/12/22 9:15,5.61
2024/12/22 9:30,5.92
2024/12/22 9:45,5.65
2024/12/22 10:00,5.43
2024/12/22 10:15,5.49
2024/12/22 10:30,5.22
2024/12/22 10:45,4.94
2024/12/22 11:00,4.5
2024/12/22 11:15,4.17
2024/12/22 11:30,4.07
2024/12/22 11:45,3.62
2024/12/22 12:00,3.07
2024/12/22 12:15,2.62
2024/12/22 12:30,2.51
2024/12/22 12:45,2.44
2024/12/22 13:00,2.15
2024/12/22 13:15,2.02
2024/12/22 13:30,1.97
2024/12/22 13:45,2.03
2024/12/22 14:00,2.2
2024/12/22 14:15,2.17
2024/12/22 14:30,2.32
2024/12/22 14:45,2.46
2024/12/22 15:00,2.65
2024/12/22 15:15,3.12
2024/12/22 15:30,3.41
2024/12/22 15:45,3.94
2024/12/22 16:00,4.08
2024/12/22 16:15,4.29
2024/12/22 16:30,4.62
2024/12/22 16:45,5.29
2024/12/22 17:00,5.4
2024/12/22 17:15,6.01
2024/12/22 17:30,6.12
2024/12/22 17:45,6.59
2024/12/22 18:00,6.64
2024/12/22 18:15,7.13
2024/12/22 18:30,6.99
2024/12/22 18:45,7.31
2024/12/22 19:00,7.27
2024/12/22 19:15,7.28
2024/12/22 19:30,7.11
2024/12/22 19:45,6.96
2024/12/22 20:00,6.83
2024/12/22 20:15,6.4
2024/12/22 20:30,6.11
2024/12/22 20:45,5.88
2024/12/22 21:00,5.54
2024/12/22 21:15,5.12
2024/12/22 21:30,5.1
2024/12/22 21:45,4.63
2024/12/22 22:00,4.42
2024/12/22 22:15,4.11
2024/12/22 22:30,4.57
2024/12/22 22:45,4.67
2024/12/22 23:00,4.36
2024/12/22 23:15,4.95
2024/12/22 23:30,5.16
2024/12/22 23:45,5.91
2024/12/23 0:00,6.28
2024/12/23 0:15,6.83
2024/12/23 0:30,7.01
2024/12/23 0:45,7.75
2024/12/23 1:00,8.26
2024/12/23 1:15,8.51
2024/12/23 1:30,8.34
2024/12/23 1:45,8.26
2024/12/23 2:00,8.11
2024/12/23 2:15,7.32
2024/12/23 2:30,6.91
2024/12/23 2:45,6.36
2024/12/23 3:00,5.47
2024/12/23 3:15,4.71
2024/12/23 3:30,3.66
2024/12/23 3:45,3.21
2024/12/23 4:00,3.1
2024/12/23 4:15,2.27
2024/12/23 4:30,2.23
2024/12/23 4:45,1.73
2024/12/23 5:00,1.65
2024/12/23 5:15,1.73
2024/12/23 5:30,1.71
2024/12/23 5:45,1.86
2024/12/23 6:00,1.84
2024/12/23 6:15,2.01
2024/12/23 6:30,2.32
2024/12/23 6:45,2.68
2024/12/23 7:00,3.06
2024/12/23 7:15,3.62
2024/12/23 7:30,3.85
2024/12/23 7:45,4.28
2024/12/23 8:00,4.6
2024/12/23 8:15,4.75
2024/12/23 8:30,5.22
2024/12/23 8:45,5.48
2024/12/23 9:00,5.76
2024/12/23 9:15,5.6
2024/12/23 9:30,5.5
2024/12/23 9:45,5.79
2024/12/23 10:00,5.71
2024/12/23 10:15,5.45
2024/12/23 10:30,5.24
2024/12/23 10:45,5.07
2024/12/23 11:00,4.54
2024/12/23 11:15,4.22
2024/12/23 11:30,3.92
2024/12/23 11:45,3.37
2024/12/23 12:00,3.2
2024/12/23 12:15,2.9
2024/12/23 12:30,2.89
2024/12/23 12:45,2.38
2024/12/23 13:00,2.28
2024/12/23 13:15,2.26
2024/12/23 13:30,1.93
2024/12/23 13:45,2.25
2024/12/23 14:00,2.34
2024/12/23 14:15,2.16
2024/12/23 14:30,2.23
2024/12/23 14:45,2.74
2024/12/23 15:00,2.84
2024/12/23 15:15,3.0
2024/12/23 15:30,3.51
2024/12/23 15:45,3.83
2024/12/23 16:00,3.94
2024/12/23 16:15,4.4
2024/12/23 16:30,4.84
2024/12/23 16:45,5.15
2024/12/23 17:00,5.32
2024/12/23 17:15,5.75
2024/12/23 17:30,6.03
2024/12/23 17:45,6.61
2024/12/23 18:00,6.62
2024/12/23 18:15,7.04
2024/12/23 18:30,7.45
2024/12/23 18:45,7.48
2024/12/23 19:00,7.03
2024/12/23 19:15,7.08
2024/12/23 19:30,7.06
2024/12/23 19:45,6.84
2024/12/23 20:00,6.56
2024/12/23 20:15,6.55
2024/12/23 20:30,6.36
2024/12/23 20:45,6.08
2024/12/23 21:00,5.53
2024/12/23 21:15,5.23
2024/12/23 21:30,5.01
2024/12/23 21:45,4.66
2024/12/23 22:00,4.58
2024/12/23 22:15,4.37
2024/12/23 22:30,4.2
2024/12/23 22:45,4.03
2024/12/23 23:00,4.7
2024/12/23 23:15,4.66
2024/12/23 23:30,5.22
2024/12/23 23:45,5.38
2024/12/24 0:00,6.23
2024/12/24 0:15,6.83
2024/12/24 0:30,7.41
2024/12/24 0:45,8.33
2024/12/24 1:00,8.17
2024/12/24 1:15,8.61
2024/12/24 1:30,8.6
2024/12/24 1:45,8.27
2024/12/24 2:00,8.15
2024/12/24 2:15,7.5
2024/12/24 2:30,7.02
2024/12/24 2:45,6.46
2024/12/24 3:00,5.44
2024/12/24 3:15,4.62
2024/12/24 3:30,4.12
2024/12/24 3:45,3.54
2024/12/24 4:00,2.66
2024/12/24 4:15,2.3
2024/12/24 4:30,2.14
2024/12/24 4:45,1.8
2024/12/24 5:00,1.55
2024/12/24 5:15,1.73
2024/12/24 5:30,1.79
2024/12/24 5:45,1.75
2024/12/24 6:00,1.97
2024/12/24 6:15,2.1
2024/12/24 6:30,2.29
2024/12/24 6:45,2.68
2024/12/24 7:00,3.11
2024/12/24 7:15,3.24
2024/12/24 7:30,3.77
2024/12/24 7:45,4.22
2024/12/24 8:00,4.75
2024/12/24 8:15,4.87
2024/12/24 8:30,5.03
2024/12/24 8:45,5.43
2024/12/24 9:00,5.56
2024/12/24 9:15,5.85
2024/12/24 9:30,5.75
2024/12/24 9:45,5.36
2024/12/24 10:00,6.21
2024/12/24 10:15,5.5
2024/12/24 10:30,5.25
2024/12/24 10:45,4.71
2024/12/24 11:00,4.39
2024/12/24 11:15,4.25
2024/12/24 11:30,3.96
2024/12/24 11:45,3.66
2024/12/24 12:00,3.25
2024/12/24 12:15,2.73
2024/12/24 12:30,2.27
2024/12/24 12:45,2.41
2024/12/24 13:00,2.17
2024/12/24 13:15,1.93
2024/12/24 13:30,2.18
2024/12/24 13:45,1.8
2024/12/24 14:00,2.17
2024/12/24 14:15,1.96
2024/12/24 14:30,2.33
2024/12/24 14:45,2.63
2024/12/24 15:00,2.67
2024/12/24 15:15,3.24
2024/12/24 15:30,3.58
2024/12/24 15:45,3.67
2024/12/24 16:00,4.07
2024/12/24 16:15,4.53
2024/12/24 16:30,4.84
2024/12/24 16:45,5.21
2024/12/24 17:00,5.45
2024/12/24 17:15,5.64
2024/12/24 17:30,6.02
2024/12/24 17:45,6.89
2024/12/24 18:00,6.85
2024/12/24 18:15,6.98
2024/12/24 18:30,7.36
2024/12/24 18:45,7.16
2024/12/24 19:00,7.39
2024/12/24 19:15,7.28
2024/12/24 19:30,7.24
2024/12/24 19:45,6.97
2024/12/24 20:00,6.66
2024/12/24 20:15,6.43
2024/12/24 20:30,6.14
2024/12/24 20:45,5.94
2024/12/24 21:00,5.37
2024/12/24 21:15,5.08
2024/12/24 21:30,4.98
2024/12/24 21:45,4.66
2024/12/24 22:00,4.49
2024/12/24 22:15,4.3
2024/12/24 22:30,4.63
2024/12/24 22:45,4.33
2024/12/24 23:00,4.42
2024/12/24 23:15,4.78
2024/12/24 23:30,5.32
2024/12/24 23:45,5.66
2024/12/25 0:00,6.33
2024/12/25 0:15,6.88
2024/12/25 0:30,7.34
2024/12/25 0:45,7.9
2024/12/25 1:00,8.5
2024/12/25 1:15,8.52
2024/12/25 1:30,8.38
2024/12/25 1:45,8.32
2024/12/25 2:00,7.71
2024/12/25 2:15,7.54
2024/12/25 2:30,7.09
2024/12/25 2:45,5.97
2024/12/25 3:00,5.44
2024/12/25 3:15,4.81
2024/12/25 3:30,4.12
2024/12/25 3:45,3.52
2024/12/25 4:00,2.51
2024/12/25 4:15,2.44
2024/12/25 4:30,1.81
2024/12/25 4:45,1.67
2024/12/25 5:00,1.82
2024/12/25 5:15,1.68
2024/12/25 5:30,1.8
2024/12/25 5:45,1.66
2024/12/25 6:00,2.19
2024/12/25 6:15,2.29
2024/12/25 6:30,2.59
2024/12/25 6:45,2.6
2024/12/25 7:00,3.27
2024/12/25 7:15,3.41
2024/12/25 7:30,3.74
2024/12/25 7:45,4.31
2024/12/25 8:00,4.66
2024/12/25 8:15,4.79
2024/12/25 8:30,5.52
2024/12/25 8:45,5.73
2024/12/25 9:00,5.74
2024/12/25 9:15,5.83
2024/12/25 9:30,5.85
2024/12/25 9:45,5.54
2024/12/25 10:00,5.67
2024/12/25 10:15,5.49
2024/12/25 10:30,5.15
2024/12/25 10:45,4.89
2024/12/25 11:00,4.26
2024/12/25 11:15,4.1
2024/12/25 11:30,4.04
2024/12/25 11:45,3.81
2024/12/25 12:00,3.08
2024/12/25 12:15,2.94
2024/12/25 12:30,2.81
2024/12/25 12:45,2.34
2024/12/25 13:00,2.35
2024/12/25 13:15,2.12
2024/12/25 13:30,2.23
2024/12/25 13:45,1.85
2024/12/25 14:00,1.91
2024/12/25 14:15,2.21
2024/12/25 14:30,2.32
2024/12/25 14:45,2.48
2024/12/25 15:00,2.81
2024/12/25 15:15,2.85
2024/12/25 15:30,3.09
2024/12/25 15:45,3.55
2024/12/25 16:00,3.93
2024/12/25 16:15,4.32
2024/12/25 16:30,4.94
2024/12/25 16:45,5.26
2024/12/25 17:00,5.6
2024/12/25 17:15,5.92
2024/12/25 17:30,6.17
2024/12/25 17:45,6.41
2024/12/25 18:00,6.62
2024/12/25 18:15,6.91
2024/12/25 18:30,7.17
2024/12/25 18:45,7.09
2024/12/25 19:00,7.33
2024/12/25 19:15,7.24
2024/12/25 19:30,7.11
2024/12/25 19:45,7.19
2024/12/25 20:00,6.44
2024/12/25 20:15,6.5
2024/12/25 20:30,5.91
2024/12/25 20:45,5.97
2024/12/25 21:00,5.72
2024/12/25 21:15,5.07
2024/12/25 21:30,4.77
2024/12/25 21:45,4.42
2024/12/25 22:00,4.47
2024/12/25 22:15,4.26
2024/12/25 22:30,4.21
2024/12/25 22:45,4.25
2024/12/25 23:00,4.33
2024/12/25 23:15,4.94
2024/12/25 23:30,5.21
2024/12/25 23:45,5.49
2024/12/26 0:00,5.6
2024/12/26 0:15,5.83
2024/12/26 0:30,6.46
2024/12/26 0:45,6.63
2024/12/26 1:00,6.77
2024/12/26 1:15,7.26
2024/12/26 1:30,7.39
2024/12/26 1:45,7.23
2024/12/26 2:00,7.22
2024/12/26 2:15,7.17
2024/12/26 2:30,6.93
2024/12/26 2:45,7.11
2024/12/26 3:00,6.41
2024/12/26 3:15,6.34
2024/12/26 3:30,5.92
2024/12/26 3:45,5.35
2024/12/26 4:00,5.23
2024/12/26 4:15,4.3
2024/12/26 4:30,4.11
2024/12/26 4:45,3.67
2024/12/26 5:00,3.55
2024/12/26 5:15,3.16
2024/12/26 5:30,2.61
2024/12/26 5:45,2.86
2024/12/26 6:00,2.6
2024/12/26 6:15,2.28
2024/12/26 6:30,2.33
2024/12/26 6:45,2.18
2024/12/26 7:00,2.39
2024/12/26 7:15,2.5
2024/12/26 7:30,2.53
2024/12/26 7:45,2.65
2024/12/26 8:00,2.64
2024/12/26 8:15,3.11
2024/12/26 8:30,2.98
2024/12/26 8:45,3.5
2024/12/26 9:00,3.47
2024/12/26 9:15,4.0
2024/12/26 9:30,4.27
2024/12/26 9:45,4.61
2024/12/26 10:00,4.97
2024/12/26 10:15,5.3
2024/12/26 10:30,5.2
2024/12/26 10:45,5.74
2024/12/26 11:00,6.35
2024/12/26 11:15,6.36
2024/12/26 11:30,6.5
2024/12/26 11:45,6.88
2024/12/26 12:00,7.09
2024/12/26 12:15,7.2
2024/12/26 12:30,7.72
2024/12/26 12:45,7.86
2024/12/26 13:00,7.73
2024/12/26 13:15,8.05
2024/12/26 13:30,8.07
2024/12/26 13:45,7.98
2024/12/26 14:00,8.05
2024/12/26 14:15,8.08
2024/12/26 14:30,8.25
2024/12/26 14:45,8.15
2024/12/26 15:00,8.02
2024/12/26 15:15,8.04
2024/12/26 15:30,8.14
2024/12/26 15:45,8.01
2024/12/26 16:00,8.04
2024/12/26 16:15,7.81
2024/12/26 16:30,8.05
2024/12/26 16:45,7.86
2024/12/26 17:00,7.76
2024/12/26 17:15,7.9
2024/12/26 17:30,7.78
2024/12/26 17:45,8.02
2024/12/26 18:00,8.25
2024/12/26 18:15,8.39
2024/12/26 18:30,8.36
2024/12/26 18:45,8.93
2024/12/26 19:00,8.56
2024/12/26 19:15,8.37
2024/12/26 19:30,8.78
2024/12/26 19:45,8.61
2024/12/26 20:00,8.41
2024/12/26 20:15,8.1
2024/12/26 20:30,7.97
2024/12/26 20:45,7.85
2024/12/26 21:00,7.29
2024/12/26 21:15,6.68
2024/12/26 21:30,6.02
2024/12/26 21:45,6.24
2024/12/26 22:00,5.71
2024/12/26 22:15,5.58
2024/12/26 22:30,5.26
2024/12/26 22:45,5.11
2024/12/26 23:00,5.08
2024/12/26 23:15,5.11
2024/12/26 23:30,5.43
2024/12/26 23:45,5.57
2024/12/27 0:00,5.52
2024/12/27 0:15,5.8
2024/12/27 0:30,6.3
2024/12/27 0:45,6.68
2024/12/27 1:00,6.94
2024/12/27 1:15,6.86
2024/12/27 1:30,7.32
2024/12/27 1:45,7.0
2024/12/27 2:00,7.25
2024/12/27 2:15,7.29
2024/12/27 2:30,6.76
2024/12/27 2:45,7.16
2024/12/27 3:00,6.76
2024/12/27 3:15,6.3
2024/12/27 3:30,5.67
2024/12/27 3:45,5.38
2024/12/27 4:00,5.08
2024/12/27 4:15,4.36
2024/12/27 4:30,4.1
2024/12/27 4:45,3.88
2024/12/27 5:00,3.18
2024/12/27 5:15,3.16
2024/12/27 5:30,2.6
2024/12/27 5:45,2.53
2024/12/27 6:00,2.45
2024/12/27 6:15,2.51
2024/12/27 6:30,2.28
2024/12/27 6:45,2.4
2024/12/27 7:00,2.31
2024/12/27 7:15,2.4
2024/12/27 7:30,2.77
2024/12/27 7:45,2.54
2024/12/27 8:00,2.99
2024/12/27 8:15,3.06
2024/12/27 8:30,3.18
2024/12/27 8:45,3.31
2024/12/27 9:00,3.56
2024/12/27 9:15,3.88
2024/12/27 9:30,4.25
2024/12/27 9:45,4.64
2024/12/27 10:00,4.8
2024/12/27 10:15,5.11
2024/12/27 10:30,5.43
2024/12/27 10:45,5.82
2024/12/27 11:00,6.15
2024/12/27 11:15,6.13
2024/12/27 11:30,6.58
2024/12/27 11:45,7.08
2024/12/27 12:00,6.95
2024/12/27 12:15,7.39
2024/12/27 12:30,7.57
2024/12/27 12:45,7.69
2024/12/27 13:00,8.17
2024/12/27 13:15,8.07
2024/12/27 13:30,8.38
2024/12/27 13:45,8.22
2024/12/27 14:00,8.33
2024/12/27 14:15,8.18
2024/12/27 14:30,8.17
2024/12/27 14:45,8.28
2024/12/27 15:00,8.23
2024/12/27 15:15,8.18
2024/12/27 15:30,8.08
2024/12/27 15:45,7.75
2024/12/27 16:00,7.77
2024/12/27 16:15,7.97
2024/12/27 16:30,7.52
2024/12/27 16:45,7.85
2024/12/27 17:00,7.82
2024/12/27 17:15,8.01
2024/12/27 17:30,8.03
2024/12/27 17:45,7.97
2024/12/27 18:00,8.07
2024/12/27 18:15,8.22
2024/12/27 18:30,8.51
2024/12/27 18:45,8.17
2024/12/27 19:00,8.61
2024/12/27 19:15,8.49
2024/12/27 19:30,8.63
2024/12/27 19:45,8.57
2024/12/27 20:00,8.13
2024/12/27 20:15,8.14
2024/12/27 20:30,7.94
2024/12/27 20:45,7.62
2024/12/27 21:00,7.25
2024/12/27 21:15,6.72
2024/12/27 21:30,6.37
2024/12/27 21:45,5.97
2024/12/27 22:00,5.94
2024/12/27 22:15,5.57
2024/12/27 22:30,5.37
2024/12/27 22:45,4.99
2024/12/27 23:00,5.19
2024/12/27 23:15,5.31
2024/12/27 23:30,5.04
2024/12/27 23:45,5.4
2024/12/28 0:00,5.99
2024/12/28 0:15,6.75
2024/12/28 0:30,7.25
2024/12/28 0:45,7.94
2024/12/28 1:00,8.29
2024/12/28 1:15,8.68
2024/12/28 1:30,8.51
2024/12/28 1:45,8.42
2024/12/28 2:00,7.94
2024/12/28 2:15,7.36
2024/12/28 2:30,7.01
2024/12/28 2:45,6.36
2024/12/28 3:00,5.52
2024/12/28 3:15,4.68
2024/12/28 3:30,3.81
2024/12/28 3:45,3.5
2024/12/28 4:00,2.88
2024/12/28 4:15,2.67
2024/12/28 4:30,1.87
2024/12/28 4:45,1.95
2024/12/28 5:00,1.78
2024/12/28 5:15,1.6
2024/12/28 5:30,1.9
2024/12/28 5:45,1.86
2024/12/28 6:00,1.82
2024/12/28 6:15,2.17
2024/12/28 6:30,2.31
2024/12/28 6:45,2.69
2024/12/28 7:00,3.2
2024/12/28 7:15,3.61
2024/12/28 7:30,3.87
2024/12/28 7:45,4.1
2024/12/28 8:00,4.63
2024/12/28 8:15,5.02
2024/12/28 8:30,4.92
2024/12/28 8:45,5.48
2024/12/28 9:00,5.62
2024/12/28 9:15,5.91
2024/12/28 9:30,5.86
2024/12/28 9:45,5.84
2024/12/28 10:00,5.58
2024/12/28 10:15,5.47
2024/12/28 10:30,5.37
2024/12/28 10:45,4.93
2024/12/28 11:00,4.64
2024/12/28 11:15,4.03
2024/12/28 11:30,3.89
2024/12/28 11:45,3.25
2024/12/28 12:00,3.14
2024/12/28 12:15,2.92
2024/12/28 12:30,2.76
2024/12/28 12:45,2.27
2024/12/28 13:00,2.3
2024/12/28 13:15,2.34
2024/12/28 13:30,1.96
2024/12/28 13:45,1.81
2024/12/28 14:00,2.12
2024/12/28 14:15,1.99
2024/12/28 14:30,2.18
2024/12/28 14:45,2.63
2024/12/28 15:00,3.0
2024/12/28 15:15,2.84
2024/12/28 15:30,3.18
2024/12/28 15:45,3.56
2024/12/28 16:00,3.91
2024/12/28 16:15,4.66
2024/12/28 16:30,4.67
2024/12/28 16:45,5.08
2024/12/28 17:00,5.77
2024/12/28 17:15,5.98
2024/12/28 17:30,6.38
2024/12/28 17:45,6.4
2024/12/28 18:00,6.72
2024/12/28 18:15,6.86
2024/12/28 18:30,7.29
2024/12/28 18:45,7.45
2024/12/28 19:00,7.21
2024/12/28 19:15,7.21
2024/12/28 19:30,7.13
2024/12/28 19:45,6.79
2024/12/28 20:00,6.71
2024/12/28 20:15,6.67
2024/12/28 20:30,6.13
2024/12/28 20:45,5.95
2024/12/28 21:00,5.41
2024/12/28 21:15,5.25
2024/12/28 21:30,4.87
2024/12/28 21:45,4.5
2024/12/28 22:00,4.58
2024/12/28 22:15,4.44
2024/12/28 22:30,4.11
2024/12/28 22:45,4.27
2024/12/28 23:00,4.48
2024/12/28 23:15,4.5
2024/12/28 23:30,4.96
2024/12/28 23:45,5.86
2024/12/29 0:00,6.07
2024/12/29 0:15,7.01
2024/12/29 0:30,7.18
2024/12/29 0:45,7.98
2024/12/29 1:00,8.21
2024/12/29 1:15,8.46
2024/12/29 1:30,8.8
2024/12/29 1:45,8.18
2024/12/29 2:00,8.12
2024/12/29 2:15,7.61
2024/12/29 2:30,7.39
2024/12/29 2:45,6.01
2024/12/29 3:00,5.32
2024/12/29 3:15,4.79
2024/12/29 3:30,3.93
2024/12/29 3:45,3.26
2024/12/29 4:00,2.94
2024/12/29 4:15,2.32
2024/12/29 4:30,1.91
2024/12/29 4:45,1.93
2024/12/29 5:00,1.75
2024/12/29 5:15,1.61
2024/12/29 5:30,1.64
2024/12/29 5:45,1.66
2024/12/29 6:00,2.07
2024/12/29 6:15,2.13
2024/12/29 6:30,2.34
2024/12/29 6:45,2.57
2024/12/29 7:00,3.16
2024/12/29 7:15,3.38
2024/12/29 7:30,3.53
2024/12/29 7:45,4.03
2024/12/29 8:00,4.54
2024/12/29 8:15,4.88
2024/12/29 8:30,5.18
2024/12/29 8:45,5.4
2024/12/29 9:00,5.43
2024/12/29 9:15,5.63
2024/12/29 9:30,5.98
2024/12/29 9:45,5.92
2024/12/29 10:00,5.74
2024/12/29 10:15,5.55
2024/12/29 10:30,5.37
2024/12/29 10:45,4.77
2024/12/29 11:00,4.62
2024/12/29 11:15,4.09
2024/12/29 11:30,3.74
2024/12/29 11:45,3.61
2024/12/29 12:00,3.36
2024/12/29 12:15,2.88
2024/12/29 12:30,2.89
2024/12/29 12:45,2.45
2024/12/29 13:00,2.13
2024/12/29 13:15,1.96
2024/12/29 13:30,2.21
2024/12/29 13:45,2.06
2024/12/29 14:00,2.18
2024/12/29 14:15,1.77
2024/12/29 14:30,2.34
2024/12/29 14:45,2.42
2024/12/29 15:00,2.51
2024/12/29 15:15,2.98
2024/12/29 15:30,3.46
2024/12/29 15:45,3.97
2024/12/29 16:00,4.03
2024/12/29 16:15,4.26
2024/12/29 16:30,4.64
2024/12/29 16:45,5.29
2024/12/29 17:00,5.37
2024/12/29 17:15,5.98
2024/12/29 17:30,6.27
2024/12/29 17:45,6.56
2024/12/29 18:00,6.57
2024/12/29 18:15,6.96
2024/12/29 18:30,6.95
2024/12/29 18:45,7.18
2024/12/29 19:00,7.44
2024/12/29 19:15,7.45
2024/12/29 19:30,7.21
2024/12/29 19:45,6.93
2024/12/29 20:00,7.05
2024/12/29 20:15,6.47
2024/12/29 20:30,6.09
2024/12/29 20:45,6.04
2024/12/29 21:00,5.67
2024/12/29 21:15,5.19
2024/12/29 21:30,4.97
2024/12/29 21:45,4.75
2024/12/29 22:00,4.49
2024/12/29 22:15,4.38
2024/12/29 22:30,4.18
2024/12/29 22:45,4.39
2024/12/29 23:00,4.48
2024/12/29 23:15,4.7
2024/12/29 23:30,5.13
2024/12/29 23:45,5.65
2024/12/30 0:00,6.01
2024/12/30 0:15,6.72
2024/12/30 0:30,7.39
2024/12/30 0:45,7.68
2024/12/30 1:00,8.17
2024/12/30 1:15,8.84
2024/12/30 1:30,8.35
2024/12/30 1:45,8.31
2024/12/30 2:00,7.9
2024/12/30 2:15,7.51
2024/12/30 2:30,6.77
2024/12/30 2:45,6.13
2024/12/30 3:00,5.31
2024/12/30 3:15,4.82
2024/12/30 3:30,3.97
2024/12/30 3:45,3.18
2024/12/30 4:00,2.92
2024/12/30 4:15,2.22
2024/12/30 4:30,1.8
2024/12/30 4:45,1.82
2024/12/30 5:00,1.98
2024/12/30 5:15,1.38
2024/12/30 5:30,1.49
2024/12/30 5:45,1.91
2024/12/30 6:00,1.87
2024/12/30 6:15,2.28
2024/12/30 6:30,2.33
2024/12/30 6:45,2.78
2024/12/30 7:00,3.36
2024/12/30 7:15,3.28
2024/12/30 7:30,3.99
2024/12/30 7:45,4.31
2024/12/30 8:00,4.35
2024/12/30 8:15,5.0
2024/12/30 8:30,5.22
2024/12/30 8:45,5.48
2024/12/30 9:00,5.7
2024/12/30 9:15,5.71
2024/12/30 9:30,5.82
2024/12/30 9:45,5.8
2024/12/30 10:00,5.77
2024/12/30 10:15,5.25
2024/12/30 10:30,5.43
2024/12/30 10:45,4.77
2024/12/30 11:00,4.73
2024/12/30 11:15,4.27
2024/12/30 11:30,3.71
2024/12/30 11:45,3.63
2024/12/30 12:00,3.08
2024/12/30 12:15,3.07
2024/12/30 12:30,2.54
2024/12/30 12:45,2.2
2024/12/30 13:00,2.48
2024/12/30 13:15,2.15
2024/12/30 13:30,2.18
2024/12/30 13:45,1.91
2024/12/30 14:00,1.79
2024/12/30 14:15,2.42
2024/12/30 14:30,2.31
2024/12/30 14:45,2.57
2024/12/30 15:00,2.82
2024/12/30 15:15,2.94
2024/12/30 15:30,3.33
2024/12/30 15:45,3.87
2024/12/30 16:00,3.98
2024/12/30 16:15,4.51
2024/12/30 16:30,4.45
2024/12/30 16:45,5.31
2024/12/30 17:00,5.3
2024/12/30 17:15,6.04
2024/12/30 17:30,6.29
2024/12/30 17:45,6.52
2024/12/30 18:00,6.79
2024/12/30 18:15,6.98
2024/12/30 18:30,7.05
2024/12/30 18:45,7.24
2024/12/30 19:00,7.63
2024/12/30 19:15,7.46
2024/12/30 19:30,7.04
2024/12/30 19:45,7.06
2024/12/30 20:00,6.82
2024/12/30 20:15,6.53
2024/12/30 20:30,6.11
2024/12/30 20:45,6.0
2024/12/30 21:00,5.73
2024/12/30 21:15,5.15
2024/12/30 21:30,5.25
2024/12/30 21:45,4.91
2024/12/30 22:00,4.54
2024/12/30 22:15,4.12
2024/12/30 22:30,4.31
2024/12/30 22:45,4.35
2024/12/30 23:00,4.55
2024/12/30 23:15,5.01
2024/12/30 23:30,5.14
2024/12/30 23:45,5.97
2024/12/31 0:00,6.29
2024/12/31 0:15,6.77
2024/12/31 0:30,7.74
2024/12/31 0:45,8.01
2024/12/31 1:00,8.19
2024/12/31 1:15,8.5
2024/12/31 1:30,8.62
2024/12/31 1:45,8.35
2024/12/31 2:00,8.05
2024/12/31 2:15,7.4
2024/12/31 2:30,6.64
2024/12/31 2:45,6.19
2024/12/31 3:00,5.43
2024/12/31 3:15,4.74
2024/12/31 3:30,3.87
2024/12/31 3:45,3.13
2024/12/31 4:00,2.65
2024/12/31 4:15,2.52
2024/12/31 4:30,1.94
2024/12/31 4:45,1.75
2024/12/31 5:00,1.65
2024/12/31 5:15,1.56
2024/12/31 5:30,1.59
2024/12/31 5:45,1.67
2024/12/31 6:00,2.18
2024/12/31 6:15,2.29
2024/12/31 6:30,2.64
2024/12/31 6:45,2.98
2024/12/31 7:00,2.75
2024/12/31 7:15,3.51
2024/12/31 7:30,3.75
2024/12/31 7:45,4.38
2024/12/31 8:00,4.46
2024/12/31 8:15,4.76
2024/12/31 8:30,5.0
2024/12/31 8:45,5.42
2024/12/31 9:00,5.79
2024/12/31 9:15,5.8
2024/12/31 9:30,5.62
2024/12/31 9:45,6.09
2024/12/31 10:00,5.75
2024/12/31 10:15,5.59
2024/12/31 10:30,5.43
2024/12/31 10:45,4.69
2024/12/31 11:00,4.48
2024/12/31 11:15,4.39
2024/12/31 11:30,3.78
2024/12/31 11:45,3.51
2024/12/31 12:00,3.21
2024/12/31 12:15,2.72
2024/12/31 12:30,2.59
2024/12/31 12:45,2.56
2024/12/31 13:00,2.36
2024/12/31 13:15,2.29
2024/12/31 13:30,2.21
2024/12/31 13:45,2.1
2024/12/31 14:00,2.13
2024/12/31 14:15,2.21
2024/12/31 14:30,2.21
2024/12/31 14:45,2.34
2024/12/31 15:00,2.62
2024/12/31 15:15,2.94
2024/12/31 15:30,3.2
2024/12/31 15:45,3.69
2024/12/31 16:00,4.02
2024/12/31 16:15,4.41
2024/12/31 16:30,4.81
2024/12/31 16:45,5.32
2024/12/31 17:00,5.52
2024/12/31 17:15,6.04
2024/12/31 17:30,6.31
2024/12/31 17:45,6.71
2024/12/31 18:00,7.04
2024/12/31 18:15,7.1
2024/12/31 18:30,7.19
2024/12/31 18:45,7.28
2024/12/31 19:00,7.23
2024/12/31 19:15,7.19
2024/12/31 19:30,7.31
2024/12/31 19:45,6.87
2024/12/31 20:00,7.05
2024/12/31 20:15,6.53
2024/12/31 20:30,6.69
2024/12/31 20:45,5.83
2024/12/31 21:00,5.64
2024/12/31 21:15,5.22
2024/12/31 21:30,4.84
2024/12/31 21:45,4.84
2024/12/31 22:00,4.29
2024/12/31 22:15,4.21
2024/12/31 22:30,4.34
2024/12/31 22:45,4.42
2024/12/31 23:00,4.27
2024/12/31 23:15,4.85
2024/12/31 23:30,5.19
2024/12/31 23:45,5.53
